Goodness,Model
3737485293,"{'Cc': 1, 'RB1': 511000.0, 'RB2': 12700.0, 'RB3': 5620000.0, 'RC': 1780.0, 'RE_deg': 59.0, 'RE': 2260.0, 'trans_model': 'ZTX107-NOM'}"
3569394178,"{'Cc': 1, 'RB1': 590000.0, 'RB2': 10000.0, 'RB3': 536000.0, 'RC': 2870.0, 'RE_deg': 105.0, 'RE': 1000.0, 'trans_model': 'ZTX107-NOM'}"
3560264275,"{'Cc': 1, 'RB1': 301000.0, 'RB2': 10500.0, 'RB3': 909000.0, 'RC': 2050.0, 'RE_deg': 82.5, 'RE': 953.0, 'trans_model': 'ZTX107-NOM'}"
2885642493,"{'Cc': 1, 'RB1': 133000.0, 'RB2': 16900.0, 'RB3': 71500.0, 'RC': 1100.0, 'RE_deg': 12.7, 'RE': 383.0, 'trans_model': 'ZTX107-NOM'}"
2803772638,"{'Cc': 1, 'RB1': 464000.0, 'RB2': 23700.0, 'RB3': 205000.0, 'RC': 1400.0, 'RE_deg': 13.3, 'RE': 147.0, 'trans_model': 'ZTX107-NOM'}"
2773405458,"{'Cc': 1, 'RB1': 422000.0, 'RB2': 11000.0, 'RB3': 140000.0, 'RC': 1400.0, 'RE_deg': 14.7, 'RE': 121.0, 'trans_model': 'ZTX107-NOM'}"
2732480776,"{'Cc': 1, 'RB1': 205000.0, 'RB2': 16200.0, 'RB3': 64900.00000000001, 'RC': 1150.0, 'RE_deg': 14.0, 'RE': 422.0, 'trans_model': 'ZTX107-NOM'}"
2693058596,"{'Cc': 1, 'RB1': 82500.0, 'RB2': 13300.0, 'RB3': 19600.0, 'RC': 1000.0, 'RE_deg': 12.1, 'RE': 365.0, 'trans_model': 'ZTX107-NOM'}"
2690668520,"{'Cc': 1, 'RB1': 68100.0, 'RB2': 22600.0, 'RB3': 16900.0, 'RC': 1050.0, 'RE_deg': 16.9, 'RE': 196.0, 'trans_model': 'ZTX107-NOM'}"
2682990590,"{'Cc': 1, 'RB1': 169000.0, 'RB2': 20500.0, 'RB3': 68100.0, 'RC': 1210.0, 'RE_deg': 19.6, 'RE': 301.0, 'trans_model': 'ZTX107-NOM'}"
2679872260,"{'Cc': 1, 'RB1': 110000.0, 'RB2': 24900.0, 'RB3': 23700.0, 'RC': 1210.0, 'RE_deg': 12.7, 'RE': 316.0, 'trans_model': 'ZTX107-NOM'}"
2654768372,"{'Cc': 1, 'RB1': 147000.0, 'RB2': 21500.0, 'RB3': 38300.0, 'RC': 1470.0, 'RE_deg': 11.5, 'RE': 536.0, 'trans_model': 'ZTX107-NOM'}"
2653105227,"{'Cc': 1, 'RB1': 162000.0, 'RB2': 33200.0, 'RB3': 27400.0, 'RC': 1620.0, 'RE_deg': 11.5, 'RE': 205.0, 'trans_model': 'ZTX107-NOM'}"
2650546474,"{'Cc': 1, 'RB1': 205000.0, 'RB2': 14700.0, 'RB3': 51100.0, 'RC': 1330.0, 'RE_deg': 21.5, 'RE': 140.0, 'trans_model': 'ZTX107-NOM'}"
2646730149,"{'Cc': 1, 'RB1': 1270000.0, 'RB2': 14700.0, 'RB3': 7150000.0, 'RC': 9530.0, 'RE_deg': 215.0, 'RE': 162.0, 'trans_model': 'ZTX107-NOM'}"
2605904578,"{'Cc': 1, 'RB1': 82500.0, 'RB2': 12700.0, 'RB3': 27400.0, 'RC': 1000.0, 'RE_deg': 22.6, 'RE': 205.0, 'trans_model': 'ZTX107-NOM'}"
2601226417,"{'Cc': 1, 'RB1': 75000.0, 'RB2': 11500.0, 'RB3': 20500, 'RC': 1470.0, 'RE_deg': 22.6, 'RE': 301.0, 'trans_model': 'ZTX107-NOM'}"
2599718901,"{'Cc': 1, 'RB1': 95300, 'RB2': 56200.0, 'RB3': 23700.0, 'RC': 1100.0, 'RE_deg': 11.0, 'RE': 301.0, 'trans_model': 'ZTX107-NOM'}"
2594758730,"{'Cc': 1, 'RB1': 178000.0, 'RB2': 10000.0, 'RB3': 86600.0, 'RC': 1100.0, 'RE_deg': 23.7, 'RE': 196.0, 'trans_model': 'ZTX107-NOM'}"
2559138569,"{'Cc': 1, 'RB1': 95300.0, 'RB2': 31600.0, 'RB3': 34800.0, 'RC': 1210.0, 'RE_deg': 14.7, 'RE': 562.0, 'trans_model': 'ZTX107-NOM'}"
2550339515,"{'Cc': 1, 'RB1': 464000.0, 'RB2': 14700.0, 'RB3': 274000.0, 'RC': 1689.9999999999998, 'RE_deg': 133.0, 'RE': 383.0, 'trans_model': 'ZTX107-NOM'}"
2500453755,"{'Cc': 1, 'RB1': 205000.0, 'RB2': 42200.0, 'RB3': 31600.0, 'RC': 1330.0, 'RE_deg': 11.0, 'RE': 147.0, 'trans_model': 'ZTX107-NOM'}"
2499691084,"{'Cc': 1, 'RB1': 402000.0, 'RB2': 24900.0, 'RB3': 487000.0, 'RC': 1270.0, 'RE_deg': 21.5, 'RE': 715.0, 'trans_model': 'ZTX107-NOM'}"
2487083740,"{'Cc': 1, 'RB1': 301000.0, 'RB2': 13300.0, 'RB3': 82500.0, 'RC': 1210.0, 'RE_deg': 16.2, 'RE': 365.0, 'trans_model': 'ZTX107-NOM'}"
2445150068,"{'Cc': 1, 'RB1': 127000.0, 'RB2': 12700.0, 'RB3': 27400.0, 'RC': 1330.0, 'RE_deg': 26.1, 'RE': 249.0, 'trans_model': 'ZTX107-NOM'}"
2439799211,"{'Cc': 1, 'RB1': 105000.0, 'RB2': 13300.0, 'RB3': 21500.0, 'RC': 1400.0, 'RE_deg': 28.7, 'RE': 215.0, 'trans_model': 'ZTX107-NOM'}"
2430727176,"{'Cc': 1, 'RB1': 147000.0, 'RB2': 10500, 'RB3': 36500.0, 'RC': 1100.0, 'RE_deg': 21.5, 'RE': 226, 'trans_model': 'ZTX107-NOM'}"
2403533207,"{'Cc': 1, 'RB1': 187000.0, 'RB2': 12100.0, 'RB3': 36500.0, 'RC': 1210.0, 'RE_deg': 23.7, 'RE': 154.0, 'trans_model': 'ZTX107-NOM'}"
2401126274,"{'Cc': 1, 'RB1': 59000.0, 'RB2': 12700.0, 'RB3': 12700.0, 'RC': 1210.0, 'RE_deg': 26.1, 'RE': 249.0, 'trans_model': 'ZTX107-NOM'}"
2382071400,"{'Cc': 1, 'RB1': 162000.0, 'RB2': 71500.0, 'RB3': 56200.0, 'RC': 1150.0, 'RE_deg': 24.9, 'RE': 274.0, 'trans_model': 'ZTX107-NOM'}"
2376344258,"{'Cc': 1, 'RB1': 162000.0, 'RB2': 10500.0, 'RB3': 40200.0, 'RC': 1400.0, 'RE_deg': 34.8, 'RE': 115.0, 'trans_model': 'ZTX107-NOM'}"
2370863551,"{'Cc': 1, 'RB1': 56200.0, 'RB2': 10000.0, 'RB3': 24900.0, 'RC': 1050.0, 'RE_deg': 26.1, 'RE': 590.0, 'trans_model': 'ZTX107-NOM'}"
2365682503,"{'Cc': 1, 'RB1': 187000.0, 'RB2': 78700.0, 'RB3': 48700.0, 'RC': 1150.0, 'RE_deg': 16.2, 'RE': 442.0, 'trans_model': 'ZTX107-NOM'}"
2361026176,"{'Cc': 1, 'RB1': 649000.0, 'RB2': 10000.0, 'RB3': 7150000.0, 'RC': 6190.0, 'RE_deg': 64.9, 'RE': 287.0, 'trans_model': 'ZTX107-NOM'}"
2343987269,"{'Cc': 1, 'RB1': 249000.0, 'RB2': 12700.0, 'RB3': 68100.0, 'RC': 1270.0, 'RE_deg': 31.6, 'RE': 169.0, 'trans_model': 'ZTX107-NOM'}"
2343540209,"{'Cc': 1, 'RB1': 133000.0, 'RB2': 34800.0, 'RB3': 48700.0, 'RC': 1050.0, 'RE_deg': 27.4, 'RE': 226.0, 'trans_model': 'ZTX107-NOM'}"
2325962220,"{'Cc': 1, 'RB1': 487000.0, 'RB2': 115000.0, 'RB3': 348000.0, 'RC': 1100.0, 'RE_deg': 23.7, 'RE': 316.0, 'trans_model': 'ZTX107-NOM'}"
2316552227,"{'Cc': 1, 'RB1': 127000.0, 'RB2': 14000.0, 'RB3': 64900.00000000001, 'RC': 1150.0, 'RE_deg': 33.2, 'RE': 619.0, 'trans_model': 'ZTX107-NOM'}"
2270250490,"{'Cc': 1, 'RB1': 422000.0, 'RB2': 110000.0, 'RB3': 147000.0, 'RC': 1000.0, 'RE_deg': 20.5, 'RE': 140.0, 'trans_model': 'ZTX107-NOM'}"
2258250206,"{'Cc': 1, 'RB1': 196000.0, 'RB2': 42200.0, 'RB3': 28700.0, 'RC': 1150.0, 'RE_deg': 18.7, 'RE': 162.0, 'trans_model': 'ZTX107-NOM'}"
2250606745,"{'Cc': 1, 'RB1': 133000.0, 'RB2': 59000.0, 'RB3': 28700.0, 'RC': 1100.0, 'RE_deg': 26.1, 'RE': 215.0, 'trans_model': 'ZTX107-NOM'}"
2229216540,"{'Cc': 1, 'RB1': 147000.0, 'RB2': 46400.0, 'RB3': 36500.0, 'RC': 1150.0, 'RE_deg': 30.1, 'RE': 332.0, 'trans_model': 'ZTX107-NOM'}"
2212529944,"{'Cc': 1, 'RB1': 110000.0, 'RB2': 11500.0, 'RB3': 20500, 'RC': 1270.0, 'RE_deg': 34.8, 'RE': 301.0, 'trans_model': 'ZTX107-NOM'}"
2208527621,"{'Cc': 1, 'RB1': 147000.0, 'RB2': 19600.0, 'RB3': 68100.0, 'RC': 1540.0, 'RE_deg': 30.1, 'RE': 1330.0, 'trans_model': 'ZTX107-NOM'}"
2200108248,"{'Cc': 1, 'RB1': 649000.0, 'RB2': 16900.0, 'RB3': 487000.0, 'RC': 1150.0, 'RE_deg': 17.8, 'RE': 1540.0, 'trans_model': 'ZTX107-NOM'}"
2192846660,"{'Cc': 1, 'RB1': 162000.0, 'RB2': 18700.0, 'RB3': 56200.0, 'RC': 1100.0, 'RE_deg': 21.5, 'RE': 1270.0, 'trans_model': 'ZTX107-NOM'}"
2192109872,"{'Cc': 1, 'RB1': 590000.0, 'RB2': 16200.0, 'RB3': 187000.0, 'RC': 2050.0, 'RE_deg': 40.2, 'RE': 205.0, 'trans_model': 'ZTX107-NOM'}"
2145054154,"{'Cc': 1, 'RB1': 75000.0, 'RB2': 12100.0, 'RB3': 24900.0, 'RC': 1540.0, 'RE_deg': 42.2, 'RE': 649.0, 'trans_model': 'ZTX107-NOM'}"
2140718023,"{'Cc': 1, 'RB1': 115000.0, 'RB2': 10500.0, 'RB3': 27400.0, 'RC': 1540.0, 'RE_deg': 40.2, 'RE': 422.0, 'trans_model': 'ZTX107-NOM'}"
2100915285,"{'Cc': 1, 'RB1': 71500.0, 'RB2': 17800.0, 'RB3': 14700.0, 'RC': 1150.0, 'RE_deg': 44.2, 'RE': 169.0, 'trans_model': 'ZTX107-NOM'}"
2064495975,"{'Cc': 1, 'RB1': 348000.0, 'RB2': 40200.0, 'RB3': 196000.0, 'RC': 1400.0, 'RE_deg': 40.2, 'RE': 1150.0, 'trans_model': 'ZTX107-NOM'}"
2060350317,"{'Cc': 1, 'RB1': 332000.0, 'RB2': 10000.0, 'RB3': 90900.0, 'RC': 1540.0, 'RE_deg': 46.4, 'RE': 261.0, 'trans_model': 'ZTX107-NOM'}"
2048564110,"{'Cc': 1, 'RB1': 115000.0, 'RB2': 10500, 'RB3': 17800.0, 'RC': 1540.0, 'RE_deg': 42.2, 'RE': 287.0, 'trans_model': 'ZTX107-NOM'}"
2020603363,"{'Cc': 1, 'RB1': 1330000.0, 'RB2': 36500.0, 'RB3': 1270000.0, 'RC': 1689.9999999999998, 'RE_deg': 30.1, 'RE': 127.0, 'trans_model': 'ZTX107-NOM'}"
1999036420,"{'Cc': 1, 'RB1': 178000.0, 'RB2': 42200.0, 'RB3': 53600.0, 'RC': 1270.0, 'RE_deg': 40.2, 'RE': 649.0, 'trans_model': 'ZTX107-NOM'}"
1981994379,"{'Cc': 1, 'RB1': 226000.0, 'RB2': 14000.0, 'RB3': 511000.0, 'RC': 1210.0, 'RE_deg': 51.1, 'RE': 332.0, 'trans_model': 'ZTX107-NOM'}"
1978930961,"{'Cc': 1, 'RB1': 226000.0, 'RB2': 10500.0, 'RB3': 46400.0, 'RC': 1050.0, 'RE_deg': 12.1, 'RE': 1050.0, 'trans_model': 'ZTX107-NOM'}"
1976493115,"{'Cc': 1, 'RB1': 115000.0, 'RB2': 19600.0, 'RB3': 17800.0, 'RC': 1330.0, 'RE_deg': 40.2, 'RE': 215.0, 'trans_model': 'ZTX107-NOM'}"
1976361482,"{'Cc': 1, 'RB1': 1050000.0, 'RB2': 14000.0, 'RB3': 590000.0, 'RC': 3829.9999999999995, 'RE_deg': 48.7, 'RE': 1050.0, 'trans_model': 'ZTX107-NOM'}"
1970602065,"{'Cc': 1, 'RB1': 121000.0, 'RB2': 13300.0, 'RB3': 15400.0, 'RC': 1270.0, 'RE_deg': 28.7, 'RE': 249.0, 'trans_model': 'ZTX107-NOM'}"
1959170599,"{'Cc': 1, 'RB1': 147000.0, 'RB2': 75000.0, 'RB3': 28700.0, 'RC': 1150.0, 'RE_deg': 20.5, 'RE': 422.0, 'trans_model': 'ZTX107-NOM'}"
1946308658,"{'Cc': 1, 'RB1': 348000.0, 'RB2': 75000.0, 'RB3': 649000.0, 'RC': 1150.0, 'RE_deg': 48.7, 'RE': 402.0, 'trans_model': 'ZTX107-NOM'}"
1930522693,"{'Cc': 1, 'RB1': 140000.0, 'RB2': 14000.0, 'RB3': 169000.0, 'RC': 1050.0, 'RE_deg': 40.2, 'RE': 2490.0, 'trans_model': 'ZTX107-NOM'}"
1927964133,"{'Cc': 1, 'RB1': 274000.0, 'RB2': 75000.0, 'RB3': 649000.0, 'RC': 1330.0, 'RE_deg': 61.9, 'RE': 287.0, 'trans_model': 'ZTX107-NOM'}"
1923203176,"{'Cc': 1, 'RB1': 750000.0, 'RB2': 20500.0, 'RB3': 715000.0, 'RC': 2610.0, 'RE_deg': 249.0, 'RE': 140.0, 'trans_model': 'ZTX107-NOM'}"
1912066576,"{'Cc': 1, 'RB1': 487000.0, 'RB2': 10000.0, 'RB3': 115000.0, 'RC': 3650.0, 'RE_deg': 86.6, 'RE': 511.0, 'trans_model': 'ZTX107-NOM'}"
1906094908,"{'Cc': 1, 'RB1': 261000.0, 'RB2': 51100.0, 'RB3': 75000.0, 'RC': 1050.0, 'RE_deg': 34.8, 'RE': 649.0, 'trans_model': 'ZTX107-NOM'}"
1900402778,"{'Cc': 1, 'RB1': 162000.0, 'RB2': 14000.0, 'RB3': 46400.0, 'RC': 1400.0, 'RE_deg': 64.9, 'RE': 226.0, 'trans_model': 'ZTX107-NOM'}"
1880434434,"{'Cc': 1, 'RB1': 274000.0, 'RB2': 19600.0, 'RB3': 121000.0, 'RC': 1100.0, 'RE_deg': 51.1, 'RE': 365.0, 'trans_model': 'ZTX107-NOM'}"
1879334607,"{'Cc': 1, 'RB1': 365000.0, 'RB2': 169000.0, 'RB3': 121000.0, 'RC': 1210.0, 'RE_deg': 46.4, 'RE': 301.0, 'trans_model': 'ZTX107-NOM'}"
1870390577,"{'Cc': 1, 'RB1': 226000.0, 'RB2': 14000.0, 'RB3': 22600.0, 'RC': 1210.0, 'RE_deg': 15.4, 'RE': 140.0, 'trans_model': 'ZTX107-NOM'}"
1864631051,"{'Cc': 1, 'RB1': 715000.0, 'RB2': 133000.0, 'RB3': 619000.0, 'RC': 1000.0, 'RE_deg': 33.2, 'RE': 1210.0, 'trans_model': 'ZTX107-NOM'}"
1864408912,"{'Cc': 1, 'RB1': 1100000.0, 'RB2': 19600.0, 'RB3': 464000.0, 'RC': 3320.0000000000005, 'RE_deg': 71.5, 'RE': 715.0, 'trans_model': 'ZTX107-NOM'}"
1864253744,"{'Cc': 1, 'RB1': 133000.0, 'RB2': 10500.0, 'RB3': 90900.0, 'RC': 1100.0, 'RE_deg': 59.0, 'RE': 536.0, 'trans_model': 'ZTX107-NOM'}"
1844915059,"{'Cc': 1, 'RB1': 162000.0, 'RB2': 82500.0, 'RB3': 28700.0, 'RC': 1150.0, 'RE_deg': 36.5, 'RE': 187.0, 'trans_model': 'ZTX107-NOM'}"
1828246903,"{'Cc': 1, 'RB1': 274000.0, 'RB2': 86600.0, 'RB3': 95300.0, 'RC': 2870.0, 'RE_deg': 10.5, 'RE': 226.0, 'trans_model': 'ZTX107-NOM'}"
1812727516,"{'Cc': 1, 'RB1': 383000.0, 'RB2': 18700.0, 'RB3': 287000.0, 'RC': 2050.0, 'RE_deg': 78.7, 'RE': 1100.0, 'trans_model': 'ZTX107-NOM'}"
1803192699,"{'Cc': 1, 'RB1': 1150000.0, 'RB2': 40200.0, 'RB3': 681000.0, 'RC': 1689.9999999999998, 'RE_deg': 64.9, 'RE': 169.0, 'trans_model': 'ZTX107-NOM'}"
1789673902,"{'Cc': 1, 'RB1': 169000.0, 'RB2': 48700.0, 'RB3': 30100.0, 'RC': 2870.0, 'RE_deg': 11.0, 'RE': 100.0, 'trans_model': 'ZTX107-NOM'}"
1785211742,"{'Cc': 1, 'RB1': 205000.0, 'RB2': 15400.0, 'RB3': 51100.0, 'RC': 2490.0, 'RE_deg': 13.3, 'RE': 215.0, 'trans_model': 'ZTX107-NOM'}"
1777776692,"{'Cc': 1, 'RB1': 147000.0, 'RB2': 17800.0, 'RB3': 48700.0, 'RC': 2490.0, 'RE_deg': 14.7, 'RE': 402.0, 'trans_model': 'ZTX107-NOM'}"
1774309511,"{'Cc': 1, 'RB1': 205000.0, 'RB2': 17800.0, 'RB3': 332000.0, 'RC': 1540.0, 'RE_deg': 10.0, 'RE': 590.0, 'trans_model': 'ZTX107-NOM'}"
1769065141,"{'Cc': 1, 'RB1': 169000.0, 'RB2': 86600.0, 'RB3': 95300.0, 'RC': 1050.0, 'RE_deg': 61.9, 'RE': 249.0, 'trans_model': 'ZTX107-NOM'}"
1762918692,"{'Cc': 1, 'RB1': 178000.0, 'RB2': 31600.0, 'RB3': 28700.0, 'RC': 3829.9999999999995, 'RE_deg': 11.0, 'RE': 178.0, 'trans_model': 'ZTX107-NOM'}"
1755680431,"{'Cc': 1, 'RB1': 365000.0, 'RB2': 21500.0, 'RB3': 4640000.0, 'RC': 2490.0, 'RE_deg': 402.0, 'RE': 3479.9999999999995, 'trans_model': 'ZTX107-NOM'}"
1751581555,"{'Cc': 1, 'RB1': 316000.0, 'RB2': 56200.0, 'RB3': 68100.0, 'RC': 3010.0, 'RE_deg': 12.7, 'RE': 162.0, 'trans_model': 'ZTX107-NOM'}"
1748091093,"{'Cc': 1, 'RB1': 75000.0, 'RB2': 22600.0, 'RB3': 24900.0, 'RC': 2050.0, 'RE_deg': 14.7, 'RE': 348.0, 'trans_model': 'ZTX107-NOM'}"
1743861568,"{'Cc': 1, 'RB1': 95300.0, 'RB2': 59000.0, 'RB3': 59000.0, 'RC': 2050.0, 'RE_deg': 11.5, 'RE': 787.0, 'trans_model': 'ZTX107-NOM'}"
1741665396,"{'Cc': 1, 'RB1': 1330000.0, 'RB2': 27400.0, 'RB3': 1689999.9999999998, 'RC': 4420.0, 'RE_deg': 121.0, 'RE': 301.0, 'trans_model': 'ZTX107-NOM'}"
1726741682,"{'Cc': 1, 'RB1': 86600.0, 'RB2': 16900.0, 'RB3': 19600.0, 'RC': 2870.0, 'RE_deg': 16.2, 'RE': 301.0, 'trans_model': 'ZTX107-NOM'}"
1726384089,"{'Cc': 1, 'RB1': 178000.0, 'RB2': 10500, 'RB3': 42200.0, 'RC': 2050.0, 'RE_deg': 13.3, 'RE': 274.0, 'trans_model': 'ZTX107-NOM'}"
1725773641,"{'Cc': 1, 'RB1': 147000.0, 'RB2': 11000.0, 'RB3': 59000.0, 'RC': 2260.0, 'RE_deg': 17.8, 'RE': 487.0, 'trans_model': 'ZTX107-NOM'}"
1722337423,"{'Cc': 1, 'RB1': 1150000.0, 'RB2': 19600.0, 'RB3': 562000.0, 'RC': 10500.0, 'RE_deg': 178.0, 'RE': 316.0, 'trans_model': 'ZTX107-NOM'}"
1717536244,"{'Cc': 1, 'RB1': 464000.0, 'RB2': 31600.0, 'RB3': 7500000.0, 'RC': 1150.0, 'RE_deg': 154.0, 'RE': 7870.0, 'trans_model': 'ZTX107-NOM'}"
1715904059,"{'Cc': 1, 'RB1': 274000.0, 'RB2': 487000.0, 'RB3': 274000.0, 'RC': 2050.0, 'RE_deg': 10.5, 'RE': 121.0, 'trans_model': 'ZTX107-NOM'}"
1715746408,"{'Cc': 1, 'RB1': 205000.0, 'RB2': 33200.0, 'RB3': 127000.0, 'RC': 1780.0, 'RE_deg': 14.7, 'RE': 442.0, 'trans_model': 'ZTX107-NOM'}"
1702126060,"{'Cc': 1, 'RB1': 110000.0, 'RB2': 71500.0, 'RB3': 68100.0, 'RC': 1689.9999999999998, 'RE_deg': 12.1, 'RE': 619.0, 'trans_model': 'ZTX107-NOM'}"
1698375734,"{'Cc': 1, 'RB1': 68100.0, 'RB2': 21500.0, 'RB3': 86600.0, 'RC': 1150.0, 'RE_deg': 10.0, 'RE': 750.0, 'trans_model': 'ZTX107-NOM'}"
1695062292,"{'Cc': 1, 'RB1': 90900.0, 'RB2': 12700.0, 'RB3': 18700.0, 'RC': 1870.0, 'RE_deg': 12.1, 'RE': 316.0, 'trans_model': 'ZTX107-NOM'}"
1694449038,"{'Cc': 1, 'RB1': 127000.0, 'RB2': 16200.0, 'RB3': 18700.0, 'RC': 2490.0, 'RE_deg': 16.9, 'RE': 105.0, 'trans_model': 'ZTX107-NOM'}"
1694427906,"{'Cc': 1, 'RB1': 110000.0, 'RB2': 30100.0, 'RB3': 44200.0, 'RC': 1470.0, 'RE_deg': 14.7, 'RE': 187.0, 'trans_model': 'ZTX107-NOM'}"
1693412707,"{'Cc': 1, 'RB1': 261000.0, 'RB2': 90900.0, 'RB3': 178000.0, 'RC': 2050.0, 'RE_deg': 18.7, 'RE': 237.0, 'trans_model': 'ZTX107-NOM'}"
1690747751,"{'Cc': 1, 'RB1': 105000.0, 'RB2': 27400.0, 'RB3': 24900.0, 'RC': 1780.0, 'RE_deg': 10.5, 'RE': 348.0, 'trans_model': 'ZTX107-NOM'}"
1689310316,"{'Cc': 1, 'RB1': 115000.0, 'RB2': 140000.0, 'RB3': 71500.0, 'RC': 1870.0, 'RE_deg': 12.1, 'RE': 402.0, 'trans_model': 'ZTX107-NOM'}"
1689163797,"{'Cc': 1, 'RB1': 71500.0, 'RB2': 13300.0, 'RB3': 15400.0, 'RC': 1689.9999999999998, 'RE_deg': 16.2, 'RE': 140.0, 'trans_model': 'ZTX107-NOM'}"
1686759923,"{'Cc': 1, 'RB1': 383000.0, 'RB2': 27400.0, 'RB3': 154000.0, 'RC': 1870.0, 'RE_deg': 13.3, 'RE': 249.0, 'trans_model': 'ZTX107-NOM'}"
1678989987,"{'Cc': 1, 'RB1': 95300, 'RB2': 13300.0, 'RB3': 20500, 'RC': 3479.9999999999995, 'RE_deg': 10.5, 'RE': 619.0, 'trans_model': 'ZTX107-NOM'}"
1669742939,"{'Cc': 1, 'RB1': 61900.0, 'RB2': 20500.0, 'RB3': 11000.0, 'RC': 3479.9999999999995, 'RE_deg': 16.2, 'RE': 205.0, 'trans_model': 'ZTX107-NOM'}"
1669099022,"{'Cc': 1, 'RB1': 95300.0, 'RB2': 75000.0, 'RB3': 38300.0, 'RC': 1620.0, 'RE_deg': 10.5, 'RE': 442.0, 'trans_model': 'ZTX107-NOM'}"
1662496489,"{'Cc': 1, 'RB1': 215000.0, 'RB2': 14700.0, 'RB3': 38300.0, 'RC': 1780.0, 'RE_deg': 13.3, 'RE': 121.0, 'trans_model': 'ZTX107-NOM'}"
1660627793,"{'Cc': 1, 'RB1': 82500.0, 'RB2': 46400.0, 'RB3': 27400.0, 'RC': 1689.9999999999998, 'RE_deg': 16.9, 'RE': 237.0, 'trans_model': 'ZTX107-NOM'}"
1659671656,"{'Cc': 1, 'RB1': 121000.0, 'RB2': 59000.0, 'RB3': 24900.0, 'RC': 3160.0, 'RE_deg': 13.3, 'RE': 187.0, 'trans_model': 'ZTX107-NOM'}"
1659386944,"{'Cc': 1, 'RB1': 205000.0, 'RB2': 61900.0, 'RB3': 34800.0, 'RC': 3829.9999999999995, 'RE_deg': 14.0, 'RE': 121.0, 'trans_model': 'ZTX107-NOM'}"
1656186848,"{'Cc': 1, 'RB1': 249000.0, 'RB2': 105000.0, 'RB3': 59000.0, 'RC': 1960.0000000000002, 'RE_deg': 13.3, 'RE': 100.0, 'trans_model': 'ZTX107-NOM'}"
1654515226,"{'Cc': 1, 'RB1': 82500.0, 'RB2': 12100.0, 'RB3': 22600.0, 'RC': 1400.0, 'RE_deg': 16.2, 'RE': 162.0, 'trans_model': 'ZTX107-NOM'}"
1648248557,"{'Cc': 1, 'RB1': 121000.0, 'RB2': 33200.0, 'RB3': 90900.0, 'RC': 1470.0, 'RE_deg': 16.2, 'RE': 649.0, 'trans_model': 'ZTX107-NOM'}"
1646027411,"{'Cc': 1, 'RB1': 95300, 'RB2': 12700.0, 'RB3': 20500, 'RC': 1960.0000000000002, 'RE_deg': 21.5, 'RE': 178.0, 'trans_model': 'ZTX107-NOM'}"
1640303365,"{'Cc': 1, 'RB1': 28700.0, 'RB2': 14700.0, 'RB3': 10500.0, 'RC': 2870.0, 'RE_deg': 13.3, 'RE': 866.0, 'trans_model': 'ZTX107-NOM'}"
1639568990,"{'Cc': 1, 'RB1': 154000.0, 'RB2': 28700.0, 'RB3': 30100.0, 'RC': 3320.0000000000005, 'RE_deg': 11.0, 'RE': 487.0, 'trans_model': 'ZTX107-NOM'}"
1639466979,"{'Cc': 1, 'RB1': 154000.0, 'RB2': 34800.0, 'RB3': 36500.0, 'RC': 2610.0, 'RE_deg': 13.3, 'RE': 348.0, 'trans_model': 'ZTX107-NOM'}"
1637962423,"{'Cc': 1, 'RB1': 95300, 'RB2': 23700.0, 'RB3': 21500.0, 'RC': 2740.0, 'RE_deg': 18.7, 'RE': 226, 'trans_model': 'ZTX107-NOM'}"
1635190764,"{'Cc': 1, 'RB1': 178000.0, 'RB2': 10500.0, 'RB3': 215000.0, 'RC': 1400.0, 'RE_deg': 16.2, 'RE': 866.0, 'trans_model': 'ZTX107-NOM'}"
1634005826,"{'Cc': 1, 'RB1': 562000.0, 'RB2': 38300.0, 'RB3': 866000.0, 'RC': 3479.9999999999995, 'RE_deg': 17.8, 'RE': 1689.9999999999998, 'trans_model': 'ZTX107-NOM'}"
1633739824,"{'Cc': 1, 'RB1': 110000.0, 'RB2': 10500, 'RB3': 17800.0, 'RC': 3320.0000000000005, 'RE_deg': 20.5, 'RE': 196.0, 'trans_model': 'ZTX107-NOM'}"
1631180246,"{'Cc': 1, 'RB1': 249000.0, 'RB2': 53600.0, 'RB3': 61900.0, 'RC': 2870.0, 'RE_deg': 14.7, 'RE': 332.0, 'trans_model': 'ZTX107-NOM'}"
1630637067,"{'Cc': 1, 'RB1': 147000.0, 'RB2': 56200.0, 'RB3': 90900.0, 'RC': 1150.0, 'RE_deg': 86.6, 'RE': 237.0, 'trans_model': 'ZTX107-NOM'}"
1629027325,"{'Cc': 1, 'RB1': 68100.0, 'RB2': 147000.0, 'RB3': 40200.0, 'RC': 1470.0, 'RE_deg': 11.0, 'RE': 316.0, 'trans_model': 'ZTX107-NOM'}"
1626580195,"{'Cc': 1, 'RB1': 110000.0, 'RB2': 13300.0, 'RB3': 53600.0, 'RC': 2490.0, 'RE_deg': 19.6, 'RE': 750.0, 'trans_model': 'ZTX107-NOM'}"
1623807824,"{'Cc': 1, 'RB1': 249000.0, 'RB2': 28700.0, 'RB3': 249000.0, 'RC': 2490.0, 'RE_deg': 14.0, 'RE': 1780.0, 'trans_model': 'ZTX107-NOM'}"
1620931502,"{'Cc': 1, 'RB1': 178000.0, 'RB2': 86600.0, 'RB3': 51100.0, 'RC': 2610.0, 'RE_deg': 16.2, 'RE': 237.0, 'trans_model': 'ZTX107-NOM'}"
1619352314,"{'Cc': 1, 'RB1': 61900.0, 'RB2': 17800.0, 'RB3': 14700.0, 'RC': 2490.0, 'RE_deg': 19.6, 'RE': 237.0, 'trans_model': 'ZTX107-NOM'}"
1617474125,"{'Cc': 1, 'RB1': 178000.0, 'RB2': 23700.0, 'RB3': 44200.0, 'RC': 2610.0, 'RE_deg': 17.8, 'RE': 332.0, 'trans_model': 'ZTX107-NOM'}"
1614325103,"{'Cc': 1, 'RB1': 121000.0, 'RB2': 11500.0, 'RB3': 24900.0, 'RC': 3160.0, 'RE_deg': 24.9, 'RE': 237.0, 'trans_model': 'ZTX107-NOM'}"
1613602252,"{'Cc': 1, 'RB1': 78700.0, 'RB2': 14000.0, 'RB3': 15400.0, 'RC': 1620.0, 'RE_deg': 16.9, 'RE': 226, 'trans_model': 'ZTX107-NOM'}"
1612393484,"{'Cc': 1, 'RB1': 1210000.0, 'RB2': 38300.0, 'RB3': 19600000.0, 'RC': 1400.0, 'RE_deg': 44.2, 'RE': 5900.0, 'trans_model': 'ZTX107-NOM'}"
1611572431,"{'Cc': 1, 'RB1': 127000.0, 'RB2': 19600.0, 'RB3': 36500.0, 'RC': 1470.0, 'RE_deg': 16.9, 'RE': 301.0, 'trans_model': 'ZTX107-NOM'}"
1611515953,"{'Cc': 1, 'RB1': 402000.0, 'RB2': 34800.0, 'RB3': 90900.0, 'RC': 4220.0, 'RE_deg': 24.9, 'RE': 154.0, 'trans_model': 'ZTX107-NOM'}"
1610259398,"{'Cc': 1, 'RB1': 681000.0, 'RB2': 11500.0, 'RB3': 169000.0, 'RC': 5620.0, 'RE_deg': 16.2, 'RE': 140.0, 'trans_model': 'ZTX107-NOM'}"
1606927720,"{'Cc': 1, 'RB1': 86600.0, 'RB2': 10500, 'RB3': 24900.0, 'RC': 2490.0, 'RE_deg': 12.1, 'RE': 909.0, 'trans_model': 'ZTX107-NOM'}"
1605422429,"{'Cc': 1, 'RB1': 75000.0, 'RB2': 11000.0, 'RB3': 13300.0, 'RC': 2870.0, 'RE_deg': 18.7, 'RE': 316.0, 'trans_model': 'ZTX107-NOM'}"
1596818940,"{'Cc': 1, 'RB1': 86600.0, 'RB2': 17800.0, 'RB3': 16200.0, 'RC': 2370.0, 'RE_deg': 10.0, 'RE': 422.0, 'trans_model': 'ZTX107-NOM'}"
1596386829,"{'Cc': 1, 'RB1': 127000.0, 'RB2': 147000.0, 'RB3': 56200.0, 'RC': 2260.0, 'RE_deg': 14.0, 'RE': 365.0, 'trans_model': 'ZTX107-NOM'}"
1592076484,"{'Cc': 1, 'RB1': 249000.0, 'RB2': 95300.0, 'RB3': 78700.0, 'RC': 2150.0, 'RE_deg': 11.0, 'RE': 402.0, 'trans_model': 'ZTX107-NOM'}"
1591941260,"{'Cc': 1, 'RB1': 1000000.0, 'RB2': 10500.0, 'RB3': 464000.0, 'RC': 16200.0, 'RE_deg': 169.0, 'RE': 2150.0, 'trans_model': 'ZTX107-NOM'}"
1590037500,"{'Cc': 1, 'RB1': 36500.0, 'RB2': 36500.0, 'RB3': 11500.0, 'RC': 2260.0, 'RE_deg': 15.4, 'RE': 316.0, 'trans_model': 'ZTX107-NOM'}"
1589611848,"{'Cc': 1, 'RB1': 127000.0, 'RB2': 10500, 'RB3': 20500, 'RC': 2370.0, 'RE_deg': 16.2, 'RE': 196.0, 'trans_model': 'ZTX107-NOM'}"
1589175895,"{'Cc': 1, 'RB1': 187000.0, 'RB2': 16200.0, 'RB3': 27400.0, 'RC': 3320.0000000000005, 'RE_deg': 20.5, 'RE': 169.0, 'trans_model': 'ZTX107-NOM'}"
1584903206,"{'Cc': 1, 'RB1': 78700.0, 'RB2': 26100.0, 'RB3': 18700.0, 'RC': 3010, 'RE_deg': 22.6, 'RE': 422.0, 'trans_model': 'ZTX107-NOM'}"
1583793474,"{'Cc': 1, 'RB1': 100000.0, 'RB2': 12100.0, 'RB3': 13300.0, 'RC': 2740.0, 'RE_deg': 17.8, 'RE': 121.0, 'trans_model': 'ZTX107-NOM'}"
1582052201,"{'Cc': 1, 'RB1': 110000.0, 'RB2': 14700.0, 'RB3': 33200.0, 'RC': 1540.0, 'RE_deg': 23.7, 'RE': 169.0, 'trans_model': 'ZTX107-NOM'}"
1581212215,"{'Cc': 1, 'RB1': 226000.0, 'RB2': 86600.0, 'RB3': 59000.0, 'RC': 3479.9999999999995, 'RE_deg': 21.5, 'RE': 383.0, 'trans_model': 'ZTX107-NOM'}"
1579717479,"{'Cc': 1, 'RB1': 562000.0, 'RB2': 23700.0, 'RB3': 274000.0, 'RC': 3650.0, 'RE_deg': 27.4, 'RE': 422.0, 'trans_model': 'ZTX107-NOM'}"
1578461426,"{'Cc': 1, 'RB1': 147000.0, 'RB2': 115000.0, 'RB3': 187000.0, 'RC': 1000.0, 'RE_deg': 14.0, 'RE': 301.0, 'trans_model': 'ZTX107-NOM'}"
1574977605,"{'Cc': 1, 'RB1': 127000.0, 'RB2': 75000.0, 'RB3': 38300.0, 'RC': 2370.0, 'RE_deg': 20.5, 'RE': 237.0, 'trans_model': 'ZTX107-NOM'}"
1573451509,"{'Cc': 1, 'RB1': 147000.0, 'RB2': 71500.0, 'RB3': 71500.0, 'RC': 2260.0, 'RE_deg': 16.2, 'RE': 866.0, 'trans_model': 'ZTX107-NOM'}"
1573171060,"{'Cc': 1, 'RB1': 110000.0, 'RB2': 20500.0, 'RB3': 18700.0, 'RC': 4020.0000000000005, 'RE_deg': 16.2, 'RE': 511.0, 'trans_model': 'ZTX107-NOM'}"
1571306124,"{'Cc': 1, 'RB1': 71500.0, 'RB2': 19600.0, 'RB3': 20500, 'RC': 2260.0, 'RE_deg': 23.7, 'RE': 287.0, 'trans_model': 'ZTX107-NOM'}"
1568693328,"{'Cc': 1, 'RB1': 78700.0, 'RB2': 19600.0, 'RB3': 12700.0, 'RC': 3010, 'RE_deg': 23.7, 'RE': 178.0, 'trans_model': 'ZTX107-NOM'}"
1559451387,"{'Cc': 1, 'RB1': 46400.0, 'RB2': 21500.0, 'RB3': 18700.0, 'RC': 1780.0, 'RE_deg': 11.5, 'RE': 825.0, 'trans_model': 'ZTX107-NOM'}"
1557984223,"{'Cc': 1, 'RB1': 68100.0, 'RB2': 11500.0, 'RB3': 13300.0, 'RC': 3010, 'RE_deg': 22.6, 'RE': 487.0, 'trans_model': 'ZTX107-NOM'}"
1551502502,"{'Cc': 1, 'RB1': 105000.0, 'RB2': 10500, 'RB3': 26100.0, 'RC': 2490.0, 'RE_deg': 28.7, 'RE': 249.0, 'trans_model': 'ZTX107-NOM'}"
1551252098,"{'Cc': 1, 'RB1': 82500.0, 'RB2': 46400.0, 'RB3': 20500, 'RC': 2740.0, 'RE_deg': 21.5, 'RE': 383.0, 'trans_model': 'ZTX107-NOM'}"
1549173215,"{'Cc': 1, 'RB1': 51100.0, 'RB2': 95300.0, 'RB3': 16200.0, 'RC': 2260.0, 'RE_deg': 14.0, 'RE': 121.0, 'trans_model': 'ZTX107-NOM'}"
1548541629,"{'Cc': 1, 'RB1': 78700.0, 'RB2': 14700.0, 'RB3': 13300.0, 'RC': 2740.0, 'RE_deg': 24.9, 'RE': 226, 'trans_model': 'ZTX107-NOM'}"
1548378821,"{'Cc': 1, 'RB1': 110000.0, 'RB2': 16200.0, 'RB3': 19600.0, 'RC': 4020.0000000000005, 'RE_deg': 19.6, 'RE': 590.0, 'trans_model': 'ZTX107-NOM'}"
1546894140,"{'Cc': 1, 'RB1': 110000.0, 'RB2': 11500.0, 'RB3': 22600.0, 'RC': 2740.0, 'RE_deg': 23.7, 'RE': 464.0, 'trans_model': 'ZTX107-NOM'}"
1546175760,"{'Cc': 1, 'RB1': 147000.0, 'RB2': 13300.0, 'RB3': 26100.0, 'RC': 4020.0000000000005, 'RE_deg': 26.1, 'RE': 442.0, 'trans_model': 'ZTX107-NOM'}"
1544427702,"{'Cc': 1, 'RB1': 75000.0, 'RB2': 53600.0, 'RB3': 21500.0, 'RC': 2260.0, 'RE_deg': 23.7, 'RE': 196.0, 'trans_model': 'ZTX107-NOM'}"
1543166738,"{'Cc': 1, 'RB1': 82500.0, 'RB2': 30100.0, 'RB3': 14000.0, 'RC': 3650.0, 'RE_deg': 10.5, 'RE': 487.0, 'trans_model': 'ZTX107-NOM'}"
1540466764,"{'Cc': 1, 'RB1': 215000.0, 'RB2': 38300.0, 'RB3': 42200.0, 'RC': 2610.0, 'RE_deg': 22.6, 'RE': 226.0, 'trans_model': 'ZTX107-NOM'}"
1536774655,"{'Cc': 1, 'RB1': 100000.0, 'RB2': 18700.0, 'RB3': 28700.0, 'RC': 3479.9999999999995, 'RE_deg': 24.9, 'RE': 909.0, 'trans_model': 'ZTX107-NOM'}"
1531193753,"{'Cc': 1, 'RB1': 154000.0, 'RB2': 15400.0, 'RB3': 22600.0, 'RC': 3160.0, 'RE_deg': 27.4, 'RE': 178.0, 'trans_model': 'ZTX107-NOM'}"
1530578221,"{'Cc': 1, 'RB1': 237000.0, 'RB2': 19600.0, 'RB3': 42200.0, 'RC': 3320.0000000000005, 'RE_deg': 28.7, 'RE': 274.0, 'trans_model': 'ZTX107-NOM'}"
1530023008,"{'Cc': 1, 'RB1': 301000.0, 'RB2': 53600.0, 'RB3': 86600.0, 'RC': 3160.0, 'RE_deg': 33.2, 'RE': 178.0, 'trans_model': 'ZTX107-NOM'}"
1529153823,"{'Cc': 1, 'RB1': 1100000.0, 'RB2': 11000.0, 'RB3': 196000.0, 'RC': 8660.0, 'RE_deg': 162.0, 'RE': 316.0, 'trans_model': 'ZTX107-NOM'}"
1528447694,"{'Cc': 1, 'RB1': 100000.0, 'RB2': 90900.0, 'RB3': 95300.0, 'RC': 1689.9999999999998, 'RE_deg': 18.7, 'RE': 825.0, 'trans_model': 'ZTX107-NOM'}"
1527908657,"{'Cc': 1, 'RB1': 95300, 'RB2': 10500, 'RB3': 15400.0, 'RC': 1870.0, 'RE_deg': 15.4, 'RE': 237.0, 'trans_model': 'ZTX107-NOM'}"
1526064199,"{'Cc': 1, 'RB1': 154000.0, 'RB2': 59000.0, 'RB3': 34800.0, 'RC': 2870.0, 'RE_deg': 27.4, 'RE': 274.0, 'trans_model': 'ZTX107-NOM'}"
1523771389,"{'Cc': 1, 'RB1': 402000.0, 'RB2': 105000.0, 'RB3': 1000000.0, 'RC': 2490.0, 'RE_deg': 28.7, 'RE': 1270.0, 'trans_model': 'ZTX107-NOM'}"
1520400485,"{'Cc': 1, 'RB1': 110000.0, 'RB2': 11500.0, 'RB3': 11500.0, 'RC': 4420.0, 'RE_deg': 21.5, 'RE': 121.0, 'trans_model': 'ZTX107-NOM'}"
1518815351,"{'Cc': 1, 'RB1': 237000.0, 'RB2': 90900.0, 'RB3': 46400.0, 'RC': 3160.0, 'RE_deg': 22.6, 'RE': 261.0, 'trans_model': 'ZTX107-NOM'}"
1515358509,"{'Cc': 1, 'RB1': 169000.0, 'RB2': 115000.0, 'RB3': 95300.0, 'RC': 2370.0, 'RE_deg': 27.4, 'RE': 464.0, 'trans_model': 'ZTX107-NOM'}"
1512235176,"{'Cc': 1, 'RB1': 316000.0, 'RB2': 301000.0, 'RB3': 383000.0, 'RC': 1689.9999999999998, 'RE_deg': 15.4, 'RE': 681.0, 'trans_model': 'ZTX107-NOM'}"
1511211281,"{'Cc': 1, 'RB1': 95300, 'RB2': 86600.0, 'RB3': 21500.0, 'RC': 2610.0, 'RE_deg': 17.8, 'RE': 226, 'trans_model': 'ZTX107-NOM'}"
1506970226,"{'Cc': 1, 'RB1': 127000.0, 'RB2': 11000.0, 'RB3': 13300.0, 'RC': 4870.0, 'RE_deg': 20.5, 'RE': 147.0, 'trans_model': 'ZTX107-NOM'}"
1506656921,"{'Cc': 1, 'RB1': 110000.0, 'RB2': 17800.0, 'RB3': 15400.0, 'RC': 2610.0, 'RE_deg': 16.9, 'RE': 287.0, 'trans_model': 'ZTX107-NOM'}"
1504451184,"{'Cc': 1, 'RB1': 90900.0, 'RB2': 12100.0, 'RB3': 23700.0, 'RC': 1870.0, 'RE_deg': 24.9, 'RE': 316.0, 'trans_model': 'ZTX107-NOM'}"
1503985507,"{'Cc': 1, 'RB1': 71500.0, 'RB2': 71500.0, 'RB3': 21500.0, 'RC': 2370.0, 'RE_deg': 17.8, 'RE': 464.0, 'trans_model': 'ZTX107-NOM'}"
1500432121,"{'Cc': 1, 'RB1': 121000.0, 'RB2': 34800.0, 'RB3': 23700.0, 'RC': 3010.0, 'RE_deg': 28.7, 'RE': 365.0, 'trans_model': 'ZTX107-NOM'}"
1500146363,"{'Cc': 1, 'RB1': 90900.0, 'RB2': 19600.0, 'RB3': 12100.0, 'RC': 3010, 'RE_deg': 26.1, 'RE': 140.0, 'trans_model': 'ZTX107-NOM'}"
1495356610,"{'Cc': 1, 'RB1': 75000.0, 'RB2': 12700.0, 'RB3': 15400.0, 'RC': 3010, 'RE_deg': 36.5, 'RE': 348.0, 'trans_model': 'ZTX107-NOM'}"
1494373428,"{'Cc': 1, 'RB1': 71500.0, 'RB2': 22600.0, 'RB3': 13300.0, 'RC': 2260.0, 'RE_deg': 27.4, 'RE': 178.0, 'trans_model': 'ZTX107-NOM'}"
1494145602,"{'Cc': 1, 'RB1': 82500.0, 'RB2': 51100.0, 'RB3': 22600.0, 'RC': 2370.0, 'RE_deg': 26.1, 'RE': 383.0, 'trans_model': 'ZTX107-NOM'}"
1493987883,"{'Cc': 1, 'RB1': 147000.0, 'RB2': 12100.0, 'RB3': 17800.0, 'RC': 2370.0, 'RE_deg': 10.0, 'RE': 261.0, 'trans_model': 'ZTX107-NOM'}"
1490897573,"{'Cc': 1, 'RB1': 121000.0, 'RB2': 14700.0, 'RB3': 31600.0, 'RC': 2050.0, 'RE_deg': 30.1, 'RE': 226, 'trans_model': 'ZTX107-NOM'}"
1490888186,"{'Cc': 1, 'RB1': 86600.0, 'RB2': 75000.0, 'RB3': 34800.0, 'RC': 1620.0, 'RE_deg': 21.5, 'RE': 226.0, 'trans_model': 'ZTX107-NOM'}"
1490664861,"{'Cc': 1, 'RB1': 100000.0, 'RB2': 10500, 'RB3': 16900.0, 'RC': 2260.0, 'RE_deg': 18.7, 'RE': 464.0, 'trans_model': 'ZTX107-NOM'}"
1490386341,"{'Cc': 1, 'RB1': 100000.0, 'RB2': 16200.0, 'RB3': 27400.0, 'RC': 2050.0, 'RE_deg': 30.1, 'RE': 287.0, 'trans_model': 'ZTX107-NOM'}"
1488877049,"{'Cc': 1, 'RB1': 48700.0, 'RB2': 38300.0, 'RB3': 13300.0, 'RC': 2260.0, 'RE_deg': 10.5, 'RE': 715.0, 'trans_model': 'ZTX107-NOM'}"
1486207657,"{'Cc': 1, 'RB1': 140000.0, 'RB2': 59000.0, 'RB3': 20500, 'RC': 3479.9999999999995, 'RE_deg': 23.7, 'RE': 133.0, 'trans_model': 'ZTX107-NOM'}"
1484601482,"{'Cc': 1, 'RB1': 59000.0, 'RB2': 68100.0, 'RB3': 18700.0, 'RC': 1870.0, 'RE_deg': 16.2, 'RE': 365.0, 'trans_model': 'ZTX107-NOM'}"
1483387000,"{'Cc': 1, 'RB1': 140000.0, 'RB2': 12100.0, 'RB3': 18700.0, 'RC': 3320.0000000000005, 'RE_deg': 33.2, 'RE': 169.0, 'trans_model': 'ZTX107-NOM'}"
1481538351,"{'Cc': 1, 'RB1': 511000.0, 'RB2': 24900.0, 'RB3': 82500.0, 'RC': 2870.0, 'RE_deg': 16.9, 'RE': 287.0, 'trans_model': 'ZTX107-NOM'}"
1480420488,"{'Cc': 1, 'RB1': 61900.0, 'RB2': 68100.0, 'RB3': 19600.0, 'RC': 2370.0, 'RE_deg': 20.5, 'RE': 487.0, 'trans_model': 'ZTX107-NOM'}"
1477193174,"{'Cc': 1, 'RB1': 86600.0, 'RB2': 18700.0, 'RB3': 19600.0, 'RC': 2050.0, 'RE_deg': 30.1, 'RE': 226, 'trans_model': 'ZTX107-NOM'}"
1471936996,"{'Cc': 1, 'RB1': 154000.0, 'RB2': 22600.0, 'RB3': 17800.0, 'RC': 3829.9999999999995, 'RE_deg': 23.7, 'RE': 169.0, 'trans_model': 'ZTX107-NOM'}"
1468046463,"{'Cc': 1, 'RB1': 562000.0, 'RB2': 30100.0, 'RB3': 6490000.000000001, 'RC': 3320.0000000000005, 'RE_deg': 154.0, 'RE': 7870.0, 'trans_model': 'ZTX107-NOM'}"
1467775163,"{'Cc': 1, 'RB1': 110000.0, 'RB2': 61900.0, 'RB3': 27400.0, 'RC': 2370.0, 'RE_deg': 30.1, 'RE': 274.0, 'trans_model': 'ZTX107-NOM'}"
1466739701,"{'Cc': 1, 'RB1': 100000.0, 'RB2': 16900.0, 'RB3': 21500.0, 'RC': 2260.0, 'RE_deg': 31.6, 'RE': 332.0, 'trans_model': 'ZTX107-NOM'}"
1465515940,"{'Cc': 1, 'RB1': 34800.0, 'RB2': 24900.0, 'RB3': 12100.0, 'RC': 2050.0, 'RE_deg': 31.6, 'RE': 365.0, 'trans_model': 'ZTX107-NOM'}"
1465283450,"{'Cc': 1, 'RB1': 115000.0, 'RB2': 10000.0, 'RB3': 26100.0, 'RC': 2610.0, 'RE_deg': 40.2, 'RE': 249.0, 'trans_model': 'ZTX107-NOM'}"
1461060053,"{'Cc': 1, 'RB1': 237000.0, 'RB2': 27400.0, 'RB3': 59000.0, 'RC': 2490.0, 'RE_deg': 36.5, 'RE': 196.0, 'trans_model': 'ZTX107-NOM'}"
1460928474,"{'Cc': 1, 'RB1': 154000.0, 'RB2': 86600.0, 'RB3': 27400.0, 'RC': 2870.0, 'RE_deg': 21.5, 'RE': 226, 'trans_model': 'ZTX107-NOM'}"
1458571096,"{'Cc': 1, 'RB1': 95300, 'RB2': 51100.0, 'RB3': 13300.0, 'RC': 3160.0, 'RE_deg': 16.9, 'RE': 105.0, 'trans_model': 'ZTX107-NOM'}"
1458385788,"{'Cc': 1, 'RB1': 100000.0, 'RB2': 78700.0, 'RB3': 20500, 'RC': 2370.0, 'RE_deg': 19.6, 'RE': 226, 'trans_model': 'ZTX107-NOM'}"
1457407602,"{'Cc': 1, 'RB1': 133000.0, 'RB2': 12100.0, 'RB3': 14000.0, 'RC': 3479.9999999999995, 'RE_deg': 20.5, 'RE': 162.0, 'trans_model': 'ZTX107-NOM'}"
1456936590,"{'Cc': 1, 'RB1': 133000.0, 'RB2': 13300.0, 'RB3': 21500.0, 'RC': 3010, 'RE_deg': 40.2, 'RE': 178.0, 'trans_model': 'ZTX107-NOM'}"
1456314731,"{'Cc': 1, 'RB1': 100000.0, 'RB2': 100000.0, 'RB3': 61900.0, 'RC': 2150.0, 'RE_deg': 28.7, 'RE': 681.0, 'trans_model': 'ZTX107-NOM'}"
1454863739,"{'Cc': 1, 'RB1': 95300, 'RB2': 16900.0, 'RB3': 20500, 'RC': 1620.0, 'RE_deg': 24.9, 'RE': 187.0, 'trans_model': 'ZTX107-NOM'}"
1453747835,"{'Cc': 1, 'RB1': 121000.0, 'RB2': 64900.00000000001, 'RB3': 30100.0, 'RC': 2150.0, 'RE_deg': 19.6, 'RE': 536.0, 'trans_model': 'ZTX107-NOM'}"
1448655656,"{'Cc': 1, 'RB1': 249000.0, 'RB2': 162000.0, 'RB3': 90900.0, 'RC': 1400.0, 'RE_deg': 100.0, 'RE': 316.0, 'trans_model': 'ZTX107-NOM'}"
1446298449,"{'Cc': 1, 'RB1': 71500.0, 'RB2': 11000.0, 'RB3': 16900.0, 'RC': 3010, 'RE_deg': 40.2, 'RE': 332.0, 'trans_model': 'ZTX107-NOM'}"
1446274881,"{'Cc': 1, 'RB1': 56200.0, 'RB2': 59000.0, 'RB3': 17800.0, 'RC': 2150.0, 'RE_deg': 30.1, 'RE': 301.0, 'trans_model': 'ZTX107-NOM'}"
1445470463,"{'Cc': 1, 'RB1': 162000.0, 'RB2': 10500, 'RB3': 33200.0, 'RC': 1870.0, 'RE_deg': 27.4, 'RE': 301.0, 'trans_model': 'ZTX107-NOM'}"
1442511165,"{'Cc': 1, 'RB1': 105000.0, 'RB2': 18700.0, 'RB3': 15400.0, 'RC': 1100.0, 'RE_deg': 86.6, 'RE': 249.0, 'trans_model': 'ZTX107-NOM'}"
1441742538,"{'Cc': 1, 'RB1': 64900.00000000001, 'RB2': 15400.0, 'RB3': 40200.0, 'RC': 1400.0, 'RE_deg': 27.4, 'RE': 442.0, 'trans_model': 'ZTX107-NOM'}"
1441339104,"{'Cc': 1, 'RB1': 127000.0, 'RB2': 86600.0, 'RB3': 22600.0, 'RC': 2870.0, 'RE_deg': 19.6, 'RE': 226, 'trans_model': 'ZTX107-NOM'}"
1439670471,"{'Cc': 1, 'RB1': 64900.00000000001, 'RB2': 15400.0, 'RB3': 12700.0, 'RC': 1689.9999999999998, 'RE_deg': 24.9, 'RE': 261.0, 'trans_model': 'ZTX107-NOM'}"
1435135905,"{'Cc': 1, 'RB1': 100000.0, 'RB2': 100000.0, 'RB3': 121000.0, 'RC': 2260.0, 'RE_deg': 15.4, 'RE': 3320.0000000000005, 'trans_model': 'ZTX107-NOM'}"
1432329891,"{'Cc': 1, 'RB1': 105000.0, 'RB2': 21500.0, 'RB3': 14000.0, 'RC': 4870.0, 'RE_deg': 26.1, 'RE': 274.0, 'trans_model': 'ZTX107-NOM'}"
1429168471,"{'Cc': 1, 'RB1': 121000.0, 'RB2': 46400.0, 'RB3': 21500.0, 'RC': 2260.0, 'RE_deg': 26.1, 'RE': 261.0, 'trans_model': 'ZTX107-NOM'}"
1429110083,"{'Cc': 1, 'RB1': 249000.0, 'RB2': 17800.0, 'RB3': 82500.0, 'RC': 4420.0, 'RE_deg': 40.2, 'RE': 953.0, 'trans_model': 'ZTX107-NOM'}"
1428172528,"{'Cc': 1, 'RB1': 147000.0, 'RB2': 22600.0, 'RB3': 21500.0, 'RC': 3320.0000000000005, 'RE_deg': 44.2, 'RE': 105.0, 'trans_model': 'ZTX107-NOM'}"
1425228499,"{'Cc': 1, 'RB1': 90900.0, 'RB2': 53600.0, 'RB3': 14000.0, 'RC': 3010, 'RE_deg': 21.5, 'RE': 178.0, 'trans_model': 'ZTX107-NOM'}"
1421192741,"{'Cc': 1, 'RB1': 121000.0, 'RB2': 14000.0, 'RB3': 27400.0, 'RC': 4020.0000000000005, 'RE_deg': 33.2, 'RE': 825.0, 'trans_model': 'ZTX107-NOM'}"
1420251750,"{'Cc': 1, 'RB1': 619000.0, 'RB2': 590000.0, 'RB3': 590000.0, 'RC': 2370.0, 'RE_deg': 27.4, 'RE': 121.0, 'trans_model': 'ZTX107-NOM'}"
1419785803,"{'Cc': 1, 'RB1': 140000.0, 'RB2': 18700.0, 'RB3': 34800.0, 'RC': 3650.0, 'RE_deg': 28.7, 'RE': 953.0, 'trans_model': 'ZTX107-NOM'}"
1419185414,"{'Cc': 1, 'RB1': 147000.0, 'RB2': 10000.0, 'RB3': 24900.0, 'RC': 4640.0, 'RE_deg': 30.1, 'RE': 715.0, 'trans_model': 'ZTX107-NOM'}"
1418531959,"{'Cc': 1, 'RB1': 105000.0, 'RB2': 28700.0, 'RB3': 24900.0, 'RC': 2050.0, 'RE_deg': 33.2, 'RE': 383.0, 'trans_model': 'ZTX107-NOM'}"
1416388761,"{'Cc': 1, 'RB1': 115000.0, 'RB2': 12100.0, 'RB3': 16900.0, 'RC': 3829.9999999999995, 'RE_deg': 46.4, 'RE': 140.0, 'trans_model': 'ZTX107-NOM'}"
1416184682,"{'Cc': 1, 'RB1': 511000.0, 'RB2': 59000.0, 'RB3': 75000.0, 'RC': 4420.0, 'RE_deg': 11.0, 'RE': 402.0, 'trans_model': 'ZTX107-NOM'}"
1415017410,"{'Cc': 1, 'RB1': 909000.0, 'RB2': 42200.0, 'RB3': 147000.0, 'RC': 5360.0, 'RE_deg': 16.2, 'RE': 147.0, 'trans_model': 'ZTX107-NOM'}"
1414935498,"{'Cc': 1, 'RB1': 121000.0, 'RB2': 78700.0, 'RB3': 31600.0, 'RC': 1470.0, 'RE_deg': 20.5, 'RE': 226, 'trans_model': 'ZTX107-NOM'}"
1414434758,"{'Cc': 1, 'RB1': 825000.0, 'RB2': 154000.0, 'RB3': 866000.0, 'RC': 1689.9999999999998, 'RE_deg': 121.0, 'RE': 105.0, 'trans_model': 'ZTX107-NOM'}"
1411982195,"{'Cc': 1, 'RB1': 75000.0, 'RB2': 16900.0, 'RB3': 19600.0, 'RC': 2260.0, 'RE_deg': 44.2, 'RE': 249.0, 'trans_model': 'ZTX107-NOM'}"
1411132382,"{'Cc': 1, 'RB1': 28700.0, 'RB2': 71500.0, 'RB3': 10000.0, 'RC': 1960.0000000000002, 'RE_deg': 13.3, 'RE': 215.0, 'trans_model': 'ZTX107-NOM'}"
1410976257,"{'Cc': 1, 'RB1': 100000.0, 'RB2': 75000.0, 'RB3': 16900.0, 'RC': 4640.0, 'RE_deg': 15.4, 'RE': 226, 'trans_model': 'ZTX107-NOM'}"
1410032062,"{'Cc': 1, 'RB1': 105000.0, 'RB2': 12700.0, 'RB3': 13300.0, 'RC': 4870.0, 'RE_deg': 36.5, 'RE': 196.0, 'trans_model': 'ZTX107-NOM'}"
1409366804,"{'Cc': 1, 'RB1': 196000.0, 'RB2': 11000.0, 'RB3': 34800.0, 'RC': 1620.0, 'RE_deg': 21.5, 'RE': 332.0, 'trans_model': 'ZTX107-NOM'}"
1406592082,"{'Cc': 1, 'RB1': 100000.0, 'RB2': 10500, 'RB3': 10000.0, 'RC': 5900.0, 'RE_deg': 21.5, 'RE': 162.0, 'trans_model': 'ZTX107-NOM'}"
1404829608,"{'Cc': 1, 'RB1': 187000.0, 'RB2': 64900.00000000001, 'RB3': 64900.00000000001, 'RC': 3010.0, 'RE_deg': 22.6, 'RE': 1150.0, 'trans_model': 'ZTX107-NOM'}"
1403743631,"{'Cc': 1, 'RB1': 100000.0, 'RB2': 44200.0, 'RB3': 14700.0, 'RC': 4420.0, 'RE_deg': 19.6, 'RE': 274.0, 'trans_model': 'ZTX107-NOM'}"
1402016768,"{'Cc': 1, 'RB1': 140000.0, 'RB2': 18700.0, 'RB3': 31600.0, 'RC': 3479.9999999999995, 'RE_deg': 40.2, 'RE': 348.0, 'trans_model': 'ZTX107-NOM'}"
1400539734,"{'Cc': 1, 'RB1': 100000.0, 'RB2': 18700.0, 'RB3': 42200.0, 'RC': 3010.0, 'RE_deg': 26.1, 'RE': 1780.0, 'trans_model': 'ZTX107-NOM'}"
1394656650,"{'Cc': 1, 'RB1': 78700.0, 'RB2': 12100.0, 'RB3': 16200.0, 'RC': 3479.9999999999995, 'RE_deg': 42.2, 'RE': 316.0, 'trans_model': 'ZTX107-NOM'}"
1390797433,"{'Cc': 1, 'RB1': 127000.0, 'RB2': 11500.0, 'RB3': 20500, 'RC': 1870.0, 'RE_deg': 30.1, 'RE': 274.0, 'trans_model': 'ZTX107-NOM'}"
1389332390,"{'Cc': 1, 'RB1': 100000.0, 'RB2': 15400.0, 'RB3': 14000.0, 'RC': 3829.9999999999995, 'RE_deg': 34.8, 'RE': 237.0, 'trans_model': 'ZTX107-NOM'}"
1381790267,"{'Cc': 1, 'RB1': 86600.0, 'RB2': 16900.0, 'RB3': 15400.0, 'RC': 3320.0000000000005, 'RE_deg': 34.8, 'RE': 402.0, 'trans_model': 'ZTX107-NOM'}"
1381499817,"{'Cc': 1, 'RB1': 147000.0, 'RB2': 59000.0, 'RB3': 61900.0, 'RC': 1620.0, 'RE_deg': 36.5, 'RE': 187.0, 'trans_model': 'ZTX107-NOM'}"
1381272114,"{'Cc': 1, 'RB1': 205000.0, 'RB2': 61900.0, 'RB3': 36500.0, 'RC': 2260.0, 'RE_deg': 36.5, 'RE': 110.0, 'trans_model': 'ZTX107-NOM'}"
1377265954,"{'Cc': 1, 'RB1': 59000.0, 'RB2': 95300.0, 'RB3': 16200.0, 'RC': 2050.0, 'RE_deg': 19.6, 'RE': 237.0, 'trans_model': 'ZTX107-NOM'}"
1375828999,"{'Cc': 1, 'RB1': 59000.0, 'RB2': 40200.0, 'RB3': 18700.0, 'RC': 2610.0, 'RE_deg': 21.5, 'RE': 866.0, 'trans_model': 'ZTX107-NOM'}"
1375369466,"{'Cc': 1, 'RB1': 100000.0, 'RB2': 51100.0, 'RB3': 16200.0, 'RC': 1780.0, 'RE_deg': 16.9, 'RE': 215.0, 'trans_model': 'ZTX107-NOM'}"
1374173896,"{'Cc': 1, 'RB1': 46400.0, 'RB2': 51100.0, 'RB3': 14700.0, 'RC': 1270.0, 'RE_deg': 23.7, 'RE': 178.0, 'trans_model': 'ZTX107-NOM'}"
1372580942,"{'Cc': 1, 'RB1': 511000.0, 'RB2': 36500.0, 'RB3': 64900.00000000001, 'RC': 4220.0, 'RE_deg': 14.7, 'RE': 287.0, 'trans_model': 'ZTX107-NOM'}"
1372329582,"{'Cc': 1, 'RB1': 71500.0, 'RB2': 28700.0, 'RB3': 11000.0, 'RC': 3650.0, 'RE_deg': 31.6, 'RE': 226, 'trans_model': 'ZTX107-NOM'}"
1372040668,"{'Cc': 1, 'RB1': 51100.0, 'RB2': 14000.0, 'RB3': 10000.0, 'RC': 2260.0, 'RE_deg': 46.4, 'RE': 205.0, 'trans_model': 'ZTX107-NOM'}"
1371269707,"{'Cc': 1, 'RB1': 82500.0, 'RB2': 75000.0, 'RB3': 14700.0, 'RC': 1960.0000000000002, 'RE_deg': 13.3, 'RE': 140.0, 'trans_model': 'ZTX107-NOM'}"
1368565040,"{'Cc': 1, 'RB1': 78700.0, 'RB2': 78700.0, 'RB3': 21500.0, 'RC': 1270.0, 'RE_deg': 19.6, 'RE': 187.0, 'trans_model': 'ZTX107-NOM'}"
1366896802,"{'Cc': 1, 'RB1': 78700.0, 'RB2': 10500, 'RB3': 19600.0, 'RC': 1960.0000000000002, 'RE_deg': 44.2, 'RE': 332.0, 'trans_model': 'ZTX107-NOM'}"
1362908697,"{'Cc': 1, 'RB1': 95300, 'RB2': 13300.0, 'RB3': 19600.0, 'RC': 3160.0, 'RE_deg': 44.2, 'RE': 316.0, 'trans_model': 'ZTX107-NOM'}"
1362291058,"{'Cc': 1, 'RB1': 619000.0, 'RB2': 12700.0, 'RB3': 127000.0, 'RC': 3829.9999999999995, 'RE_deg': 24.9, 'RE': 715.0, 'trans_model': 'ZTX107-NOM'}"
1361771360,"{'Cc': 1, 'RB1': 127000.0, 'RB2': 10000.0, 'RB3': 28700.0, 'RC': 2150.0, 'RE_deg': 169.0, 'RE': 287.0, 'trans_model': 'ZTX107-NOM'}"
1361253729,"{'Cc': 1, 'RB1': 90900.0, 'RB2': 13300.0, 'RB3': 13300.0, 'RC': 3160.0, 'RE_deg': 34.8, 'RE': 261.0, 'trans_model': 'ZTX107-NOM'}"
1359849967,"{'Cc': 1, 'RB1': 100000.0, 'RB2': 86600.0, 'RB3': 19600.0, 'RC': 2610.0, 'RE_deg': 38.3, 'RE': 100.0, 'trans_model': 'ZTX107-NOM'}"
1357248080,"{'Cc': 1, 'RB1': 115000.0, 'RB2': 40200.0, 'RB3': 59000.0, 'RC': 1960.0000000000002, 'RE_deg': 42.2, 'RE': 348.0, 'trans_model': 'ZTX107-NOM'}"
1354858421,"{'Cc': 1, 'RB1': 127000.0, 'RB2': 20500.0, 'RB3': 20500, 'RC': 1780.0, 'RE_deg': 30.1, 'RE': 287.0, 'trans_model': 'ZTX107-NOM'}"
1351583691,"{'Cc': 1, 'RB1': 133000.0, 'RB2': 19600.0, 'RB3': 24900.0, 'RC': 2870.0, 'RE_deg': 36.5, 'RE': 383.0, 'trans_model': 'ZTX107-NOM'}"
1351396877,"{'Cc': 1, 'RB1': 46400.0, 'RB2': 61900.0, 'RB3': 12700.0, 'RC': 2050.0, 'RE_deg': 38.3, 'RE': 147.0, 'trans_model': 'ZTX107-NOM'}"
1348466581,"{'Cc': 1, 'RB1': 178000.0, 'RB2': 23700.0, 'RB3': 22600.0, 'RC': 3160.0, 'RE_deg': 19.6, 'RE': 332.0, 'trans_model': 'ZTX107-NOM'}"
1346276041,"{'Cc': 1, 'RB1': 82500.0, 'RB2': 30100.0, 'RB3': 13300.0, 'RC': 1400.0, 'RE_deg': 22.6, 'RE': 162.0, 'trans_model': 'ZTX107-NOM'}"
1346032971,"{'Cc': 1, 'RB1': 86600.0, 'RB2': 11500.0, 'RB3': 14000.0, 'RC': 1780.0, 'RE_deg': 38.3, 'RE': 178.0, 'trans_model': 'ZTX107-NOM'}"
1344597345,"{'Cc': 1, 'RB1': 909000.0, 'RB2': 13300.0, 'RB3': 205000.0, 'RC': 16200.0, 'RE_deg': 301.0, 'RE': 562.0, 'trans_model': 'ZTX107-NOM'}"
1343518146,"{'Cc': 1, 'RB1': 100000.0, 'RB2': 59000.0, 'RB3': 19600.0, 'RC': 2870.0, 'RE_deg': 16.9, 'RE': 536.0, 'trans_model': 'ZTX107-NOM'}"
1343481316,"{'Cc': 1, 'RB1': 51100.0, 'RB2': 10500, 'RB3': 10500.0, 'RC': 3010, 'RE_deg': 46.4, 'RE': 316.0, 'trans_model': 'ZTX107-NOM'}"
1338163272,"{'Cc': 1, 'RB1': 140000.0, 'RB2': 95300.0, 'RB3': 27400.0, 'RC': 3160.0, 'RE_deg': 22.6, 'RE': 383.0, 'trans_model': 'ZTX107-NOM'}"
1336484211,"{'Cc': 1, 'RB1': 48700.0, 'RB2': 30100.0, 'RB3': 12100.0, 'RC': 1470.0, 'RE_deg': 34.8, 'RE': 178.0, 'trans_model': 'ZTX107-NOM'}"
1333182083,"{'Cc': 1, 'RB1': 590000.0, 'RB2': 27400.0, 'RB3': 95300.0, 'RC': 3479.9999999999995, 'RE_deg': 22.6, 'RE': 536.0, 'trans_model': 'ZTX107-NOM'}"
1324794406,"{'Cc': 1, 'RB1': 64900.00000000001, 'RB2': 19600.0, 'RB3': 19600.0, 'RC': 1689.9999999999998, 'RE_deg': 46.4, 'RE': 261.0, 'trans_model': 'ZTX107-NOM'}"
1322533483,"{'Cc': 1, 'RB1': 237000.0, 'RB2': 14700.0, 'RB3': 53600.0, 'RC': 1400.0, 'RE_deg': 127.0, 'RE': 115.0, 'trans_model': 'ZTX107-NOM'}"
1317539575,"{'Cc': 1, 'RB1': 147000.0, 'RB2': 44200.0, 'RB3': 26100.0, 'RC': 3320.0000000000005, 'RE_deg': 46.4, 'RE': 237.0, 'trans_model': 'ZTX107-NOM'}"
1317157435,"{'Cc': 1, 'RB1': 316000.0, 'RB2': 59000.0, 'RB3': 56200.0, 'RC': 2740.0, 'RE_deg': 26.1, 'RE': 487.0, 'trans_model': 'ZTX107-NOM'}"
1307136491,"{'Cc': 1, 'RB1': 237000.0, 'RB2': 13300.0, 'RB3': 26100.0, 'RC': 3010, 'RE_deg': 24.9, 'RE': 169.0, 'trans_model': 'ZTX107-NOM'}"
1306505476,"{'Cc': 1, 'RB1': 121000.0, 'RB2': 18700.0, 'RB3': 23700.0, 'RC': 2260.0, 'RE_deg': 26.1, 'RE': 715.0, 'trans_model': 'ZTX107-NOM'}"
1305717420,"{'Cc': 1, 'RB1': 196000.0, 'RB2': 46400.0, 'RB3': 26100.0, 'RC': 3320.0000000000005, 'RE_deg': 27.4, 'RE': 287.0, 'trans_model': 'ZTX107-NOM'}"
1301455040,"{'Cc': 1, 'RB1': 71500.0, 'RB2': 82500.0, 'RB3': 18700.0, 'RC': 3010, 'RE_deg': 38.3, 'RE': 332.0, 'trans_model': 'ZTX107-NOM'}"
1298255050,"{'Cc': 1, 'RB1': 121000.0, 'RB2': 31600.0, 'RB3': 16200.0, 'RC': 3010, 'RE_deg': 16.9, 'RE': 442.0, 'trans_model': 'ZTX107-NOM'}"
1297815860,"{'Cc': 1, 'RB1': 110000.0, 'RB2': 86600.0, 'RB3': 23700.0, 'RC': 3010, 'RE_deg': 40.2, 'RE': 249.0, 'trans_model': 'ZTX107-NOM'}"
1296893104,"{'Cc': 1, 'RB1': 105000.0, 'RB2': 75000.0, 'RB3': 19600.0, 'RC': 2370.0, 'RE_deg': 19.6, 'RE': 287.0, 'trans_model': 'ZTX107-NOM'}"
1294113592,"{'Cc': 1, 'RB1': 205000.0, 'RB2': 226000.0, 'RB3': 51100.0, 'RC': 3160.0, 'RE_deg': 27.4, 'RE': 365.0, 'trans_model': 'ZTX107-NOM'}"
1293835611,"{'Cc': 1, 'RB1': 82500.0, 'RB2': 82500.0, 'RB3': 15400.0, 'RC': 2610.0, 'RE_deg': 14.0, 'RE': 196.0, 'trans_model': 'ZTX107-NOM'}"
1292949106,"{'Cc': 1, 'RB1': 95300, 'RB2': 64900.00000000001, 'RB3': 15400.0, 'RC': 2740.0, 'RE_deg': 17.8, 'RE': 226, 'trans_model': 'ZTX107-NOM'}"
1289565388,"{'Cc': 1, 'RB1': 140000.0, 'RB2': 12100.0, 'RB3': 20500, 'RC': 4220.0, 'RE_deg': 28.7, 'RE': 909.0, 'trans_model': 'ZTX107-NOM'}"
1287203401,"{'Cc': 1, 'RB1': 86600.0, 'RB2': 12700.0, 'RB3': 22600.0, 'RC': 2740.0, 'RE_deg': 51.1, 'RE': 750.0, 'trans_model': 'ZTX107-NOM'}"
1285103786,"{'Cc': 1, 'RB1': 127000.0, 'RB2': 38300.0, 'RB3': 16900.0, 'RC': 2490.0, 'RE_deg': 21.5, 'RE': 226, 'trans_model': 'ZTX107-NOM'}"
1284688978,"{'Cc': 1, 'RB1': 105000.0, 'RB2': 28700.0, 'RB3': 51100.0, 'RC': 1270.0, 'RE_deg': 40.2, 'RE': 487.0, 'trans_model': 'ZTX107-NOM'}"
1284226042,"{'Cc': 1, 'RB1': 750000.0, 'RB2': 34800.0, 'RB3': 90900.0, 'RC': 3320.0000000000005, 'RE_deg': 12.7, 'RE': 147.0, 'trans_model': 'ZTX107-NOM'}"
1282960524,"{'Cc': 1, 'RB1': 226000.0, 'RB2': 90900.0, 'RB3': 90900.0, 'RC': 3479.9999999999995, 'RE_deg': 59.0, 'RE': 649.0, 'trans_model': 'ZTX107-NOM'}"
1277102268,"{'Cc': 1, 'RB1': 215000.0, 'RB2': 115000.0, 'RB3': 44200.0, 'RC': 1470.0, 'RE_deg': 27.4, 'RE': 237.0, 'trans_model': 'ZTX107-NOM'}"
1269883021,"{'Cc': 1, 'RB1': 90900.0, 'RB2': 16200.0, 'RB3': 16200.0, 'RC': 1270.0, 'RE_deg': 28.7, 'RE': 383.0, 'trans_model': 'ZTX107-NOM'}"
1269015978,"{'Cc': 1, 'RB1': 536000.0, 'RB2': 115000.0, 'RB3': 78700.0, 'RC': 3650.0, 'RE_deg': 34.8, 'RE': 133.0, 'trans_model': 'ZTX107-NOM'}"
1267040322,"{'Cc': 1, 'RB1': 140000.0, 'RB2': 64900.00000000001, 'RB3': 26100.0, 'RC': 3650.0, 'RE_deg': 59.0, 'RE': 226, 'trans_model': 'ZTX107-NOM'}"
1262408497,"{'Cc': 1, 'RB1': 226000.0, 'RB2': 10000.0, 'RB3': 26100.0, 'RC': 2490.0, 'RE_deg': 24.9, 'RE': 287.0, 'trans_model': 'ZTX107-NOM'}"
1260326527,"{'Cc': 1, 'RB1': 121000.0, 'RB2': 42200.0, 'RB3': 31600.0, 'RC': 3160.0, 'RE_deg': 53.6, 'RE': 909.0, 'trans_model': 'ZTX107-NOM'}"
1258986127,"{'Cc': 1, 'RB1': 215000.0, 'RB2': 27400.0, 'RB3': 31600.0, 'RC': 3650.0, 'RE_deg': 53.6, 'RE': 383.0, 'trans_model': 'ZTX107-NOM'}"
1255290327,"{'Cc': 1, 'RB1': 140000.0, 'RB2': 61900.0, 'RB3': 27400.0, 'RC': 2490.0, 'RE_deg': 31.6, 'RE': 590.0, 'trans_model': 'ZTX107-NOM'}"
1254400738,"{'Cc': 1, 'RB1': 48700.0, 'RB2': 14700.0, 'RB3': 12100.0, 'RC': 1960.0000000000002, 'RE_deg': 44.2, 'RE': 383.0, 'trans_model': 'ZTX107-NOM'}"
1250001471,"{'Cc': 1, 'RB1': 105000.0, 'RB2': 44200.0, 'RB3': 30100.0, 'RC': 1870.0, 'RE_deg': 38.3, 'RE': 536.0, 'trans_model': 'ZTX107-NOM'}"
1249972318,"{'Cc': 1, 'RB1': 121000.0, 'RB2': 61900.0, 'RB3': 17800.0, 'RC': 2260.0, 'RE_deg': 16.9, 'RE': 226, 'trans_model': 'ZTX107-NOM'}"
1247215420,"{'Cc': 1, 'RB1': 86600.0, 'RB2': 10500, 'RB3': 20500, 'RC': 1870.0, 'RE_deg': 44.2, 'RE': 348.0, 'trans_model': 'ZTX107-NOM'}"
1243939713,"{'Cc': 1, 'RB1': 332000.0, 'RB2': 619000.0, 'RB3': 4640000.0, 'RC': 1000.0, 'RE_deg': 105.0, 'RE': 249.0, 'trans_model': 'ZTX107-NOM'}"
1243421016,"{'Cc': 1, 'RB1': 332000.0, 'RB2': 10500, 'RB3': 38300.0, 'RC': 2490.0, 'RE_deg': 24.9, 'RE': 261.0, 'trans_model': 'ZTX107-NOM'}"
1243118422,"{'Cc': 1, 'RB1': 95300, 'RB2': 17800.0, 'RB3': 20500, 'RC': 2260.0, 'RE_deg': 53.6, 'RE': 249.0, 'trans_model': 'ZTX107-NOM'}"
1238315366,"{'Cc': 1, 'RB1': 178000.0, 'RB2': 36500.0, 'RB3': 24900.0, 'RC': 2370.0, 'RE_deg': 23.7, 'RE': 464.0, 'trans_model': 'ZTX107-NOM'}"
1232083084,"{'Cc': 1, 'RB1': 215000.0, 'RB2': 36500.0, 'RB3': 95300.0, 'RC': 2740.0, 'RE_deg': 71.5, 'RE': 402.0, 'trans_model': 'ZTX107-NOM'}"
1230775121,"{'Cc': 1, 'RB1': 226000.0, 'RB2': 100000.0, 'RB3': 44200.0, 'RC': 2610.0, 'RE_deg': 33.2, 'RE': 619.0, 'trans_model': 'ZTX107-NOM'}"
1229992194,"{'Cc': 1, 'RB1': 133000.0, 'RB2': 64900.00000000001, 'RB3': 20500, 'RC': 2740.0, 'RE_deg': 19.6, 'RE': 464.0, 'trans_model': 'ZTX107-NOM'}"
1229090363,"{'Cc': 1, 'RB1': 127000.0, 'RB2': 18700.0, 'RB3': 23700.0, 'RC': 2490.0, 'RE_deg': 56.2, 'RE': 365.0, 'trans_model': 'ZTX107-NOM'}"
1228859811,"{'Cc': 1, 'RB1': 90900.0, 'RB2': 178000.0, 'RB3': 33200.0, 'RC': 1210.0, 'RE_deg': 17.8, 'RE': 383.0, 'trans_model': 'ZTX107-NOM'}"
1227929839,"{'Cc': 1, 'RB1': 121000.0, 'RB2': 26100.0, 'RB3': 27400.0, 'RC': 3010.0, 'RE_deg': 48.7, 'RE': 1210.0, 'trans_model': 'ZTX107-NOM'}"
1227926162,"{'Cc': 1, 'RB1': 75000.0, 'RB2': 110000.0, 'RB3': 17800.0, 'RC': 2740.0, 'RE_deg': 40.2, 'RE': 110.0, 'trans_model': 'ZTX107-NOM'}"
1223213829,"{'Cc': 1, 'RB1': 442000.0, 'RB2': 16200.0, 'RB3': 78700.0, 'RC': 5620.0, 'RE_deg': 34.8, 'RE': 1270.0, 'trans_model': 'ZTX107-NOM'}"
1222330478,"{'Cc': 1, 'RB1': 53600.0, 'RB2': 64900.00000000001, 'RB3': 12100.0, 'RC': 2490.0, 'RE_deg': 42.2, 'RE': 169.0, 'trans_model': 'ZTX107-NOM'}"
1218969035,"{'Cc': 1, 'RB1': 825000.0, 'RB2': 40200.0, 'RB3': 110000.0, 'RC': 3160.0, 'RE_deg': 26.1, 'RE': 287.0, 'trans_model': 'ZTX107-NOM'}"
1215266456,"{'Cc': 1, 'RB1': 56200.0, 'RB2': 105000.0, 'RB3': 16200.0, 'RC': 1870.0, 'RE_deg': 15.4, 'RE': 301.0, 'trans_model': 'ZTX107-NOM'}"
1210747184,"{'Cc': 1, 'RB1': 147000.0, 'RB2': 10000.0, 'RB3': 16900.0, 'RC': 2610.0, 'RE_deg': 48.7, 'RE': 133.0, 'trans_model': 'ZTX107-NOM'}"
1205928647,"{'Cc': 1, 'RB1': 169000.0, 'RB2': 15400.0, 'RB3': 21500.0, 'RC': 1780.0, 'RE_deg': 28.7, 'RE': 237.0, 'trans_model': 'ZTX107-NOM'}"
1205099452,"{'Cc': 1, 'RB1': 154000.0, 'RB2': 78700.0, 'RB3': 27400.0, 'RC': 1210.0, 'RE_deg': 27.4, 'RE': 205.0, 'trans_model': 'ZTX107-NOM'}"
1189112918,"{'Cc': 1, 'RB1': 205000.0, 'RB2': 95300.0, 'RB3': 28700.0, 'RC': 2870.0, 'RE_deg': 38.3, 'RE': 133.0, 'trans_model': 'ZTX107-NOM'}"
1187822028,"{'Cc': 1, 'RB1': 590000.0, 'RB2': 22600.0, 'RB3': 536000.0, 'RC': 3010.0, 'RE_deg': 75.0, 'RE': 105.0, 'trans_model': 'ZTX107-NOM'}"
1183805644,"{'Cc': 1, 'RB1': 332000.0, 'RB2': 16200.0, 'RB3': 61900.0, 'RC': 6490.000000000001, 'RE_deg': 82.5, 'RE': 487.0, 'trans_model': 'ZTX107-NOM'}"
1176547957,"{'Cc': 1, 'RB1': 78700.0, 'RB2': 33200.0, 'RB3': 14700.0, 'RC': 3160.0, 'RE_deg': 78.7, 'RE': 249.0, 'trans_model': 'ZTX107-NOM'}"
1169359206,"{'Cc': 1, 'RB1': 82500.0, 'RB2': 86600.0, 'RB3': 17800.0, 'RC': 2050.0, 'RE_deg': 36.5, 'RE': 274.0, 'trans_model': 'ZTX107-NOM'}"
1165082434,"{'Cc': 1, 'RB1': 133000.0, 'RB2': 15400.0, 'RB3': 21500.0, 'RC': 3829.9999999999995, 'RE_deg': 95.3, 'RE': 205.0, 'trans_model': 'ZTX107-NOM'}"
1164796091,"{'Cc': 1, 'RB1': 140000.0, 'RB2': 316000.0, 'RB3': 53600.0, 'RC': 2260.0, 'RE_deg': 46.4, 'RE': 215.0, 'trans_model': 'ZTX107-NOM'}"
1158561126,"{'Cc': 1, 'RB1': 68100.0, 'RB2': 71500.0, 'RB3': 14000.0, 'RC': 2490.0, 'RE_deg': 42.2, 'RE': 316.0, 'trans_model': 'ZTX107-NOM'}"
1155412507,"{'Cc': 1, 'RB1': 681000.0, 'RB2': 82500.0, 'RB3': 127000.0, 'RC': 4220.0, 'RE_deg': 82.5, 'RE': 105.0, 'trans_model': 'ZTX107-NOM'}"
1147560007,"{'Cc': 1, 'RB1': 147000.0, 'RB2': 30100.0, 'RB3': 27400.0, 'RC': 2150.0, 'RE_deg': 46.4, 'RE': 866.0, 'trans_model': 'ZTX107-NOM'}"
1147367254,"{'Cc': 1, 'RB1': 121000.0, 'RB2': 28700.0, 'RB3': 46400.0, 'RC': 1540.0, 'RE_deg': 196.0, 'RE': 196.0, 'trans_model': 'ZTX107-NOM'}"
1145772260,"{'Cc': 1, 'RB1': 287000.0, 'RB2': 21500.0, 'RB3': 40200.0, 'RC': 1540.0, 'RE_deg': 11.0, 'RE': 715.0, 'trans_model': 'ZTX107-NOM'}"
1140881932,"{'Cc': 1, 'RB1': 82500.0, 'RB2': 28700.0, 'RB3': 13300.0, 'RC': 1780.0, 'RE_deg': 12.7, 'RE': 866.0, 'trans_model': 'ZTX107-NOM'}"
1139603840,"{'Cc': 1, 'RB1': 1870000.0, 'RB2': 33200.0, 'RB3': 562000.0, 'RC': 3479.9999999999995, 'RE_deg': 205.0, 'RE': 365.0, 'trans_model': 'ZTX107-NOM'}"
1138567451,"{'Cc': 1, 'RB1': 348000.0, 'RB2': 59000.0, 'RB3': 140000.0, 'RC': 1960.0000000000002, 'RE_deg': 68.1, 'RE': 237.0, 'trans_model': 'ZTX107-NOM'}"
1137563087,"{'Cc': 1, 'RB1': 110000.0, 'RB2': 90900.0, 'RB3': 53600.0, 'RC': 1270.0, 'RE_deg': 42.2, 'RE': 536.0, 'trans_model': 'ZTX107-NOM'}"
1129688631,"{'Cc': 1, 'RB1': 237000.0, 'RB2': 40200.0, 'RB3': 28700.0, 'RC': 1870.0, 'RE_deg': 38.3, 'RE': 110.0, 'trans_model': 'ZTX107-NOM'}"
1126835405,"{'Cc': 1, 'RB1': 511000.0, 'RB2': 140000.0, 'RB3': 68100.0, 'RC': 2150.0, 'RE_deg': 16.2, 'RE': 287.0, 'trans_model': 'ZTX107-NOM'}"
1125718864,"{'Cc': 1, 'RB1': 82500.0, 'RB2': 20500.0, 'RB3': 12700.0, 'RC': 4420.0, 'RE_deg': 59.0, 'RE': 750.0, 'trans_model': 'ZTX107-NOM'}"
1124475735,"{'Cc': 1, 'RB1': 127000.0, 'RB2': 82500.0, 'RB3': 17800.0, 'RC': 2610.0, 'RE_deg': 21.5, 'RE': 187.0, 'trans_model': 'ZTX107-NOM'}"
1113921856,"{'Cc': 1, 'RB1': 750000.0, 'RB2': 75000.0, 'RB3': 590000.0, 'RC': 2870.0, 'RE_deg': 90.9, 'RE': 162.0, 'trans_model': 'ZTX107-NOM'}"
1109813832,"{'Cc': 1, 'RB1': 53600.0, 'RB2': 14000.0, 'RB3': 20500, 'RC': 1270.0, 'RE_deg': 53.6, 'RE': 261.0, 'trans_model': 'ZTX107-NOM'}"
1107144239,"{'Cc': 1, 'RB1': 44200.0, 'RB2': 40200.0, 'RB3': 18700.0, 'RC': 1330.0, 'RE_deg': 27.4, 'RE': 1620.0, 'trans_model': 'ZTX107-NOM'}"
1106159924,"{'Cc': 1, 'RB1': 169000.0, 'RB2': 10500.0, 'RB3': 40200.0, 'RC': 2740.0, 'RE_deg': 100.0, 'RE': 205.0, 'trans_model': 'ZTX107-NOM'}"
1103924654,"{'Cc': 1, 'RB1': 196000.0, 'RB2': 100000.0, 'RB3': 53600.0, 'RC': 1540.0, 'RE_deg': 38.3, 'RE': 953.0, 'trans_model': 'ZTX107-NOM'}"
1100962964,"{'Cc': 1, 'RB1': 75000.0, 'RB2': 46400.0, 'RB3': 61900.0, 'RC': 1050.0, 'RE_deg': 16.9, 'RE': 3479.9999999999995, 'trans_model': 'ZTX107-NOM'}"
1096708715,"{'Cc': 1, 'RB1': 82500.0, 'RB2': 46400.0, 'RB3': 16900.0, 'RC': 3160.0, 'RE_deg': 56.2, 'RE': 649.0, 'trans_model': 'ZTX107-NOM'}"
1090382366,"{'Cc': 1, 'RB1': 110000.0, 'RB2': 64900.00000000001, 'RB3': 16900.0, 'RC': 3829.9999999999995, 'RE_deg': 48.7, 'RE': 316.0, 'trans_model': 'ZTX107-NOM'}"
1090180780,"{'Cc': 1, 'RB1': 178000.0, 'RB2': 26100.0, 'RB3': 33200.0, 'RC': 4870.0, 'RE_deg': 105.0, 'RE': 249.0, 'trans_model': 'ZTX107-NOM'}"
1089035422,"{'Cc': 1, 'RB1': 196000.0, 'RB2': 82500.0, 'RB3': 26100.0, 'RC': 2050.0, 'RE_deg': 40.2, 'RE': 133.0, 'trans_model': 'ZTX107-NOM'}"
1088970476,"{'Cc': 1, 'RB1': 162000.0, 'RB2': 34800.0, 'RB3': 21500.0, 'RC': 5620.0, 'RE_deg': 95.3, 'RE': 147.0, 'trans_model': 'ZTX107-NOM'}"
1082754715,"{'Cc': 1, 'RB1': 127000.0, 'RB2': 11500.0, 'RB3': 14700.0, 'RC': 1780.0, 'RE_deg': 38.3, 'RE': 402.0, 'trans_model': 'ZTX107-NOM'}"
1077171839,"{'Cc': 1, 'RB1': 95300, 'RB2': 14000.0, 'RB3': 16200.0, 'RC': 3479.9999999999995, 'RE_deg': 86.6, 'RE': 365.0, 'trans_model': 'ZTX107-NOM'}"
1069996842,"{'Cc': 1, 'RB1': 38300.0, 'RB2': 28700.0, 'RB3': 21500.0, 'RC': 2490.0, 'RE_deg': 75.0, 'RE': 1270.0, 'trans_model': 'ZTX107-NOM'}"
1050802626,"{'Cc': 1, 'RB1': 75000.0, 'RB2': 12700.0, 'RB3': 100000.0, 'RC': 1150.0, 'RE_deg': 64.9, 'RE': 649.0, 'trans_model': 'ZTX107-NOM'}"
1046974939,"{'Cc': 1, 'RB1': 105000.0, 'RB2': 40200.0, 'RB3': 17800.0, 'RC': 3320.0000000000005, 'RE_deg': 82.5, 'RE': 348.0, 'trans_model': 'ZTX107-NOM'}"
1045748510,"{'Cc': 1, 'RB1': 1780000.0, 'RB2': 105000.0, 'RB3': 953000.0, 'RC': 4220.0, 'RE_deg': 78.7, 'RE': 196.0, 'trans_model': 'ZTX107-NOM'}"
1038904620,"{'Cc': 1, 'RB1': 147000.0, 'RB2': 11500.0, 'RB3': 13300.0, 'RC': 1620.0, 'RE_deg': 16.9, 'RE': 147.0, 'trans_model': 'ZTX107-NOM'}"
1033420607,"{'Cc': 1, 'RB1': 105000.0, 'RB2': 68100.0, 'RB3': 21500.0, 'RC': 2370.0, 'RE_deg': 24.9, 'RE': 1100.0, 'trans_model': 'ZTX107-NOM'}"
1029349501,"{'Cc': 1, 'RB1': 110000.0, 'RB2': 12100.0, 'RB3': 30100.0, 'RC': 2610.0, 'RE_deg': 14.0, 'RE': 237.0, 'trans_model': 'ZTX107-NOM'}"
1029138148,"{'Cc': 1, 'RB1': 127000.0, 'RB2': 71500.0, 'RB3': 20500, 'RC': 3650.0, 'RE_deg': 82.5, 'RE': 205.0, 'trans_model': 'ZTX107-NOM'}"
1027001671,"{'Cc': 1, 'RB1': 133000.0, 'RB2': 61900.0, 'RB3': 30100.0, 'RC': 3650.0, 'RE_deg': 12.7, 'RE': 187.0, 'trans_model': 'ZTX107-NOM'}"
1016474289,"{'Cc': 1, 'RB1': 56200.0, 'RB2': 71500.0, 'RB3': 12700.0, 'RC': 1470.0, 'RE_deg': 51.1, 'RE': 187.0, 'trans_model': 'ZTX107-NOM'}"
1010007846,"{'Cc': 1, 'RB1': 133000.0, 'RB2': 36500.0, 'RB3': 90900.0, 'RC': 2150.0, 'RE_deg': 90.9, 'RE': 953.0, 'trans_model': 'ZTX107-NOM'}"
1009666675,"{'Cc': 1, 'RB1': 110000.0, 'RB2': 86600.0, 'RB3': 17800.0, 'RC': 1210.0, 'RE_deg': 24.9, 'RE': 133.0, 'trans_model': 'ZTX107-NOM'}"
1002277995,"{'Cc': 1, 'RB1': 40200.0, 'RB2': 17800.0, 'RB3': 12700.0, 'RC': 1960.0000000000002, 'RE_deg': 71.5, 'RE': 909.0, 'trans_model': 'ZTX107-NOM'}"
1001948287,"{'Cc': 1, 'RB1': 127000.0, 'RB2': 12100.0, 'RB3': 13300.0, 'RC': 4020.0000000000005, 'RE_deg': 90.9, 'RE': 196.0, 'trans_model': 'ZTX107-NOM'}"
991470624.3,"{'Cc': 1, 'RB1': 169000.0, 'RB2': 27400.0, 'RB3': 30100.0, 'RC': 3160.0, 'RE_deg': 110.0, 'RE': 348.0, 'trans_model': 'ZTX107-NOM'}"
989138085.3,"{'Cc': 1, 'RB1': 154000.0, 'RB2': 68100.0, 'RB3': 28700.0, 'RC': 2740.0, 'RE_deg': 64.9, 'RE': 953.0, 'trans_model': 'ZTX107-NOM'}"
987128105,"{'Cc': 1, 'RB1': 64900.00000000001, 'RB2': 44200.0, 'RB3': 33200.0, 'RC': 2150.0, 'RE_deg': 95.3, 'RE': 487.0, 'trans_model': 'ZTX107-NOM'}"
982170868.3,"{'Cc': 1, 'RB1': 46400.0, 'RB2': 19600.0, 'RB3': 13300.0, 'RC': 1960.0000000000002, 'RE_deg': 15.4, 'RE': 205.0, 'trans_model': 'ZTX107-NOM'}"
976442618.8,"{'Cc': 1, 'RB1': 53600.0, 'RB2': 30100.0, 'RB3': 20500, 'RC': 1400.0, 'RE_deg': 11.0, 'RE': 169.0, 'trans_model': 'ZTX107-NOM'}"
975158427.3,"{'Cc': 1, 'RB1': 105000.0, 'RB2': 95300.0, 'RB3': 17800.0, 'RC': 1330.0, 'RE_deg': 20.5, 'RE': 261.0, 'trans_model': 'ZTX107-NOM'}"
972688422,"{'Cc': 1, 'RB1': 187000.0, 'RB2': 14700.0, 'RB3': 20500, 'RC': 1400.0, 'RE_deg': 34.8, 'RE': 422.0, 'trans_model': 'ZTX107-NOM'}"
959591473.1,"{'Cc': 1, 'RB1': 169000.0, 'RB2': 10000.0, 'RB3': 14700.0, 'RC': 3160.0, 'RE_deg': 48.7, 'RE': 140.0, 'trans_model': 'ZTX107-NOM'}"
944582859.9,"{'Cc': 1, 'RB1': 71500.0, 'RB2': 78700.0, 'RB3': 20500, 'RC': 1620.0, 'RE_deg': 42.2, 'RE': 909.0, 'trans_model': 'ZTX107-NOM'}"
943062285,"{'Cc': 1, 'RB1': 187000.0, 'RB2': 36500.0, 'RB3': 19600.0, 'RC': 2870.0, 'RE_deg': 53.6, 'RE': 261.0, 'trans_model': 'ZTX107-NOM'}"
939315465.1,"{'Cc': 1, 'RB1': 205000.0, 'RB2': 68100.0, 'RB3': 44200.0, 'RC': 2260.0, 'RE_deg': 95.3, 'RE': 619.0, 'trans_model': 'ZTX107-NOM'}"
932524307,"{'Cc': 1, 'RB1': 187000.0, 'RB2': 59000.0, 'RB3': 38300.0, 'RC': 2370.0, 'RE_deg': 86.6, 'RE': 1100.0, 'trans_model': 'ZTX107-NOM'}"
922682933.8,"{'Cc': 1, 'RB1': 274000.0, 'RB2': 24900.0, 'RB3': 95300.0, 'RC': 2150.0, 'RE_deg': 115.0, 'RE': 464.0, 'trans_model': 'ZTX107-NOM'}"
922052782.7,"{'Cc': 1, 'RB1': 95300, 'RB2': 75000.0, 'RB3': 21500.0, 'RC': 4640.0, 'RE_deg': 17.8, 'RE': 226, 'trans_model': 'ZTX107-NOM'}"
921071851.2,"{'Cc': 1, 'RB1': 274000.0, 'RB2': 17800.0, 'RB3': 51100.0, 'RC': 5110.0, 'RE_deg': 27.4, 'RE': 169.0, 'trans_model': 'ZTX107-NOM'}"
909496868.6,"{'Cc': 1, 'RB1': 127000.0, 'RB2': 78700.0, 'RB3': 61900.0, 'RC': 3320.0000000000005, 'RE_deg': 22.6, 'RE': 750.0, 'trans_model': 'ZTX107-NOM'}"
909203637.8,"{'Cc': 1, 'RB1': 95300, 'RB2': 10500, 'RB3': 20500, 'RC': 3010, 'RE_deg': 24.9, 'RE': 226, 'trans_model': 'ZTX107-NOM'}"
